AamirKhan0001.jpeg,61,42,37,49,58,45,70,42,43,48,29,52,51,36,70,39,42,38,26,50,55,67,62,75,47,79,55,73,56,78
AamirKhan0004.jpeg,50,48,33,61,43,55,59,43,,,,,40,50,52,35,34,53,23,56,45,71,61,68,51,79,57,75,57,75
AamirKhan0006.jpeg,64,61,30,56,57,60,70,61,36,57,23,54,52,56,75,56,41,54,21,51,42,83,,,31,95,42,93,,
AamirKhan0009.jpeg,68,43,41,43,59,44,74,41,49,45,,,59,43,76,33,,,,,53,63,63,73,45,73,54,72,54,76
AamirKhan0013.jpeg,58,47,35,48,52,51,64,50,42,53,29,50,52,45,65,44,44,44,29,44,47,73,64,76,41,83,50,81,50,81
AamirKhan0012.jpeg,70,51,38,51,63,53,78,52,47,52,31,52,61,50,83,47,49,48,27,47,53,70,,,,,,,,
AamirKhan0017.jpeg,64,49,41,48,59,49,69,50,47,49,37,49,56,49,72,45,49,48,34,45,52,66,60,72,43,73,53,72,52,74
AamirKhan0018.jpeg,49,46,31,45,45,46,54,45,37,46,27,46,46,40,55,38,37,42,29,40,42,56,47,65,32,64,42,64,41,65
AamirKhan0019.jpeg,64,59,42,57,57,61,68,58,49,60,36,59,57,59,70,52,51,58,34,54,55,77,60,83,47,82,55,81,55,84
AamirKhan0022.jpeg,59,46,40,45,53,47,64,45,46,46,36,43,55,41,64,39,46,41,33,38,48,60,56,68,42,67,48,66,48,72
AamirKhan0023.jpeg,60,54,34,53,54,55,66,55,40,55,29,52,54,51,67,49,41,51,27,47,45,73,55,83,38,82,46,81,46,85
AamirKhan0027.jpeg,58,52,39,52,53,53,63,52,45,53,35,51,52,50,69,47,48,49,34,49,46,72,60,72,38,74,47,75,47,79
AamirKhan0028.jpeg,52,45,33,48,45,47,58,43,39,49,30,48,44,45,58,36,37,46,28,43,43,66,50,72,36,71,44,72,44,75
AamirKhan0029.jpeg,48,61,30,61,43,62,53,59,35,61,27,61,43,59,53,56,35,58,26,59,41,71,,,,,42,77,42,77
AamirKhan0039.jpeg,61,45,38,49,56,46,64,45,42,49,,,56,42,65,38,44,44,33,41,51,63,58,68,48,69,53,68,53,71
AbrahamLincoln0003.jpeg,,,70,46,,,,,72,48,67,45,,,,,78,47,62,41,74,78,,,48,64,59,76,55,82
AbrahamLincoln0004.jpeg,44,34,26,33,,,58,34,,,,,42,26,56,20,,,29,22,10,47,58,57,,,25,63,23,69
AbrahamLincoln0006.jpeg,49,52,29,52,44,52,55,53,33,53,24,53,42,48,54,46,34,50,24,48,37,68,48,76,30,75,37,75,37,80
AbrahamLincoln0015.jpeg,71,51,54,51,,,,,60,51,49,51,68,46,,,63,45,47,48,81,70,,,54,74,66,74,66,77
AbrahamLincoln0017.jpeg,73,37,53,36,,,,,57,36,48,37,68,32,,,61,32,46,31,72,59,,,50,66,60,68,59,71
AbrahamLincoln0020.jpeg,62,46,40,50,58,48,,,45,49,33,51,58,45,73,44,46,44,31,45,57,64,63,75,45,79,56,74,57,80
AbrahamLincoln0027.jpeg,70,39,53,35,,,,,58,36,48,36,64,35,,,58,32,48,31,71,58,66,78,47,81,59,79,60,81
AbrahamLincoln0039.jpeg,,,70,51,,,,,74,50,65,52,,,,,76,44,59,53,89,62,,,67,76,80,74,78,76
AbrahamLincoln0050.jpeg,73,42,49,50,,,76,43,58,47,47,50,67,39,,,60,45,41,47,68,60,75,66,53,72,67,64,68,68
AbrahamLincoln0079.jpeg,57,55,37,57,53,56,61,56,42,57,32,59,52,53,66,54,44,52,30,49,48,68,56,74,37,75,48,74,48,77
AbrahamLincoln0081.jpeg,64,42,43,43,58,43,69,43,50,44,38,44,58,40,68,40,50,39,39,40,55,56,61,64,45,64,54,63,54,65
AbrahamLincoln0093.jpeg,60,38,37,35,53,36,64,37,43,37,32,35,54,30,68,31,44,29,29,32,53,52,56,60,39,59,49,61,49,63
AbrahamLincoln0124.jpeg,36,50,18,44,32,50,40,55,,,,,30,44,46,50,24,41,18,39,13,59,25,76,,,12,64,10,73
AbrahamLincoln0134.jpeg,56,49,34,45,51,50,59,51,37,45,30,44,49,43,64,43,38,45,28,39,,,54,71,26,65,40,69,39,73
AbrahamLincoln0163.jpeg,44,47,31,44,40,46,47,47,,,,,40,44,48,45,33,42,,,29,56,38,65,,,28,63,27,65
Amitabhbachan0002.jpeg,64,53,48,55,61,52,68,53,53,54,44,55,62,49,70,47,54,49,39,51,60,63,64,71,47,71,57,69,57,77
Amitabhbachan0006.jpeg,58,53,35,50,52,52,64,52,41,52,32,49,,,,,,,,,45,69,52,76,34,73,44,73,44,82
Amitabhbachan0010.jpeg,36,44,,,30,43,40,44,,,,,26,41,39,40,22,40,,,17,68,33,71,,,24,70,20,75
Amitabhbachan0011.jpeg,58,35,30,41,50,37,64,34,37,39,26,42,46,33,63,30,37,35,24,40,48,56,58,67,40,72,49,67,52,75
Amitabhbachan0016.jpeg,62,49,38,46,59,47,68,50,45,46,34,43,56,47,71,48,48,45,33,41,47,69,52,78,38,76,46,75,45,83
Amitabhbachan0031.jpeg,,,,,34,58,42,55,,,,,29,56,40,53,,,,,32,78,49,79,,,41,81,46,84
Amitabhbachan0033.jpeg,64,44,48,41,60,44,68,40,53,44,47,42,61,42,69,36,55,39,42,41,58,59,64,66,45,66,57,66,55,77
Amitabhbachan0034.jpeg,57,45,40,44,53,42,60,43,44,42,38,45,53,40,63,40,45,41,35,43,48,63,58,71,40,73,50,70,49,77
Amitabhbachan0036.jpeg,60,37,47,36,,,62,38,51,35,44,36,58,35,64,32,53,34,44,34,58,64,64,71,42,68,55,67,53,86
Amitabhbachan0038.jpeg,59,63,47,62,55,63,62,63,50,63,43,63,56,60,62,60,50,60,42,60,54,74,57,80,46,80,53,78,52,83
Amitabhbachan0043.jpeg,70,44,43,42,64,44,76,43,52,42,39,44,62,39,78,39,53,37,35,37,57,58,66,70,48,72,60,68,59,75
Amitabhbachan0044.jpeg,58,39,26,32,50,37,71,41,33,35,20,32,44,32,69,36,34,31,19,27,36,60,51,76,25,75,35,73,36,86
Amitabhbachan0046.jpeg,68,46,48,45,63,44,72,44,51,46,40,45,60,41,73,42,56,40,41,42,63,55,70,62,49,62,61,61,63,72
Amitabhbachan0048.jpeg,54,39,27,40,46,39,61,39,35,40,22,44,43,37,60,31,36,35,22,36,42,64,59,65,31,68,46,69,46,76
Amitabhbachan0049.jpeg,62,41,38,40,56,42,66,42,47,42,34,40,54,35,65,33,47,36,35,37,49,62,55,72,37,71,45,70,45,76
AngelaMerkel0006.jpeg,46,47,,,42,48,53,46,34,47,,,40,40,53,41,34,41,,,19,61,49,63,26,65,36,63,36,71
AngelaMerkel0010.jpeg,60,42,36,43,54,44,65,43,42,44,32,44,52,37,65,38,43,39,32,38,47,57,58,67,41,68,50,65,51,70
AngelaMerkel0011.jpeg,55,37,39,45,49,39,56,36,42,42,34,48,46,33,56,28,42,38,30,43,55,50,61,52,52,59,57,54,59,58
AngelaMerkel0021.jpeg,61,55,50,41,60,50,62,60,55,43,45,36,61,48,,,58,41,39,37,51,52,,,28,60,41,65,37,67
AngelaMerkel0022.jpeg,62,50,42,50,54,49,68,50,45,50,36,50,53,41,66,38,46,44,32,43,49,58,61,70,39,68,49,67,49,70
AngelaMerkel0029.jpeg,37,48,18,47,31,44,42,48,22,46,15,48,30,40,39,44,20,41,13,41,19,58,33,70,13,71,23,67,20,73
AngelaMerkel0031.jpeg,,,48,47,,,,,53,45,43,47,,,,,53,43,41,44,57,58,62,66,50,66,57,64,57,68
AngelaMerkel0032.jpeg,,,,,55,53,63,56,49,52,37,52,56,41,65,48,47,45,35,47,50,65,57,71,39,74,49,70,49,72
AngelaMerkel0034.jpeg,60,55,39,55,55,56,65,55,45,56,36,56,54,52,67,50,45,52,35,52,51,64,58,70,43,71,50,68,50,71
AngelaMerkel0037.jpeg,,,59,57,71,57,,,62,56,55,57,70,52,75,51,64,51,51,54,75,67,72,72,56,71,70,68,68,73
AngelaMerkel0038.jpeg,,,67,45,,,,,,,62,49,,,,,73,35,60,37,78,58,,,67,67,73,64,72,71
AngelaMerkel0043.jpeg,44,51,28,53,39,50,48,50,,,24,53,35,47,50,48,31,49,,,31,62,41,75,28,77,34,74,34,77
AngelaMerkel0050.jpeg,,,51,42,,,72,41,55,41,44,40,66,36,,,59,34,46,35,63,51,64,66,58,67,62,64,62,66
AngelaMerkel0052.jpeg,54,38,30,36,48,37,61,40,33,38,27,40,45,30,56,32,37,32,26,35,42,44,49,62,37,62,43,60,43,62
AngelaMerkel0057.jpeg,55,47,39,47,51,46,59,47,44,47,34,47,51,34,60,36,41,35,31,38,48,56,57,65,39,66,48,62,48,68
AngelinaJolie0015.jpeg,66,31,26,32,58,35,77,31,37,35,18,32,55,26,82,21,36,27,13,24,48,58,60,70,37,71,49,69,48,81
AngelinaJolie0017.jpeg,61,42,28,43,50,44,67,40,35,43,22,41,50,36,68,33,38,36,22,34,46,62,55,75,32,75,46,72,43,84
AngelinaJolie0031.jpeg,63,54,39,55,57,57,70,51,46,56,33,53,55,55,73,49,48,53,29,48,50,72,58,81,41,79,48,79,47,86
AngelinaJolie0039.jpeg,82,33,50,33,72,33,88,33,59,32,41,33,72,21,88,17,60,19,39,23,73,49,82,67,58,68,72,62,71,74
AngelinaJolie0040.jpeg,54,55,28,55,46,56,62,52,36,58,25,57,45,54,65,47,35,53,25,51,41,73,52,80,38,81,45,78,45,86
AngelinaJolie0048.jpeg,45,52,25,56,36,54,50,51,29,54,20,56,35,48,49,42,29,50,19,47,33,69,45,77,31,79,37,76,38,85
AngelinaJolie0050.jpeg,64,32,,,55,33,71,32,,,,,54,19,78,23,39,21,16,20,42,51,56,66,30,68,45,61,46,76
AngelinaJolie0052.jpeg,45,55,22,48,38,55,50,56,25,51,18,46,35,51,53,49,25,45,19,40,23,69,37,77,21,73,26,74,25,83
AngelinaJolie0055.jpeg,53,39,26,36,43,39,59,43,,,23,36,45,33,61,40,34,28,26,26,32,47,37,59,,,30,53,26,63
AngelinaJolie0059.jpeg,59,48,31,50,50,49,66,45,38,49,24,49,48,45,69,41,38,46,20,42,44,70,57,77,36,77,47,77,46,86
AngelinaJolie0063.jpeg,61,52,34,52,55,53,69,47,41,53,29,49,55,49,67,43,42,49,28,44,49,67,58,76,40,76,50,74,49,83
AngelinaJolie0073.jpeg,64,28,27,27,56,30,74,26,36,30,17,26,57,22,81,16,37,21,13,17,48,57,59,69,34,70,46,66,46,80
AngelinaJolie0089.jpeg,69,49,38,45,62,49,77,49,48,45,37,45,65,44,80,40,52,43,30,35,59,66,61,78,42,77,53,74,53,87
AngelinaJolie0104.jpeg,68,39,33,35,60,38,79,38,41,36,26,36,61,28,80,30,43,29,24,28,51,56,61,70,40,69,51,66,53,79
AngelinaJolie0113.jpeg,45,35,19,47,42,40,55,33,26,44,13,48,34,32,51,24,24,39,9,46,37,58,55,68,34,74,41,67,45,77
ArnoldSchwazegger0001.jpeg,60,39,33,42,52,41,66,40,40,42,26,44,52,38,68,37,40,39,24,40,47,60,55,69,38,70,46,68,47,73
ArnoldSchwazegger0004.jpeg,67,29,25,28,58,28,74,29,35,26,18,27,56,20,79,16,,,,,47,52,60,68,34,67,49,63,49,73
ArnoldSchwazegger0009.jpeg,68,40,45,39,64,41,73,37,54,39,41,39,64,39,78,32,56,37,36,30,60,60,71,60,43,62,59,63,58,72
ArnoldSchwazegger0011.jpeg,54,37,,,49,36,61,38,,,,,48,30,64,35,38,31,20,34,42,48,54,60,30,59,42,52,43,61
ArnoldSchwazegger0013.jpeg,59,44,30,45,51,44,63,45,35,44,25,45,49,40,67,40,36,40,19,41,42,63,55,71,34,71,44,69,45,77
ArnoldSchwazegger0040.jpeg,65,45,43,47,59,46,69,46,48,47,39,48,59,40,72,42,49,41,33,44,58,59,65,68,49,70,57,63,59,71
ArnoldSchwazegger0042.jpeg,51,41,29,42,46,41,57,42,33,42,21,43,42,38,60,39,33,40,18,39,36,60,51,70,28,71,36,66,37,75
ArnoldSchwazegger0043.jpeg,41,50,22,47,34,49,44,50,,,18,47,32,43,49,48,23,41,,,20,60,32,70,16,69,21,66,21,74
ArnoldSchwazegger0048.jpeg,56,38,40,33,52,37,60,40,44,35,36,33,53,32,63,39,46,31,34,28,47,41,51,58,34,53,44,52,40,62
ArnoldSchwazegger0067.jpeg,61,47,37,48,55,47,66,48,42,48,32,49,53,42,68,46,42,42,28,44,51,61,58,72,40,72,50,70,50,73
ArnoldSchwazegger0074.jpeg,55,50,33,52,51,51,60,51,37,52,28,52,48,46,64,48,37,48,,,42,68,54,75,35,76,42,75,44,80
ArnoldSchwazegger0081.jpeg,42,47,25,52,37,48,47,45,,,21,52,32,46,48,47,27,49,,,23,65,37,72,,,29,70,29,77
ArnoldSchwazegger0082.jpeg,68,47,53,49,,,73,47,57,48,48,49,65,42,,,61,42,46,48,67,58,73,68,59,70,68,65,67,69
ArnoldSchwazegger0085.jpeg,50,51,,,44,50,56,50,34,54,25,54,39,49,59,48,35,52,,,37,71,53,75,36,79,43,76,44,82
ArnoldSchwazegger0087.jpeg,59,40,34,39,53,41,64,40,40,40,30,39,53,37,67,37,40,36,28,35,43,58,52,63,38,63,45,59,44,67
BarackObama0003.jpeg,82,48,60,35,,,,,68,41,54,37,78,40,,,71,35,49,34,76,58,76,75,60,64,74,67,72,72
BarackObama0015.jpeg,73,39,56,41,69,37,76,39,61,38,47,40,69,33,78,33,63,32,48,40,69,58,72,67,57,70,67,66,66,75
BarackObama0038.jpeg,58,34,38,34,54,33,67,35,43,36,32,36,53,27,68,34,45,28,30,32,51,44,60,51,38,53,50,50,49,73
BarackObama0040.jpeg,52,22,39,31,49,23,61,21,42,25,34,33,51,21,62,20,42,21,29,33,55,34,72,36,29,54,57,42,68,78
BarackObama0052.jpeg,62,39,32,41,55,39,72,41,40,42,27,40,53,35,77,35,40,33,21,36,45,61,61,75,33,74,48,71,48,81
BarackObama0057.jpeg,42,34,25,35,38,35,49,35,28,35,21,36,35,32,51,34,28,33,21,34,25,50,45,60,,,25,57,28,78
BarackObama0061.jpeg,45,41,27,41,39,41,50,42,31,41,22,42,38,35,55,43,29,37,20,36,33,59,43,66,24,64,33,65,34,76
BarackObama0075.jpeg,69,32,51,29,64,32,74,33,56,30,47,29,66,28,75,30,61,26,43,26,62,41,71,50,45,44,61,45,57,62
BarackObama0089.jpeg,56,38,36,38,52,35,64,38,40,36,32,39,51,30,63,35,45,30,29,38,50,51,61,65,37,66,49,60,49,75
BarackObama0109.jpeg,71,49,43,40,66,47,75,50,50,40,39,40,66,41,78,47,53,36,35,34,58,58,66,65,38,60,55,62,51,77
BarackObama0121.jpeg,70,38,48,39,64,40,76,38,55,38,44,39,67,32,77,35,56,33,40,38,65,53,72,64,47,64,64,60,63,73
BarackObama0125.jpeg,36,44,25,44,38,42,46,43,27,44,,,37,34,53,39,26,35,17,38,26,57,47,62,24,61,30,63,30,79
BarackObama0137.jpeg,59,38,49,38,54,36,60,36,53,38,47,38,54,33,,,51,29,44,33,59,54,,,51,63,62,64,62,78
BarackObama0139.jpeg,55,41,32,41,50,40,62,41,39,40,26,45,47,36,64,39,41,36,24,41,45,56,58,70,31,70,45,67,46,75
BarackObama0171.jpeg,49,51,31,45,44,50,54,53,37,46,28,45,45,44,56,53,39,41,25,42,38,60,49,69,24,65,36,65,33,76
Beyonce0001.jpeg,68,40,36,43,61,42,76,38,43,45,29,44,57,34,76,29,44,38,23,38,53,64,66,73,45,76,56,71,57,81
Beyonce0006.jpeg,66,37,29,36,62,35,78,35,47,37,23,37,62,27,,,48,27,20,29,62,48,72,59,48,65,61,58,63,70
Beyonce0007.jpeg,78,61,62,59,75,62,,,65,59,54,58,74,55,,,67,55,49,53,71,73,73,81,59,80,69,80,67,86
Beyonce0009.jpeg,64,30,37,41,61,32,72,27,44,40,28,45,59,29,68,15,44,30,22,35,60,49,,,54,67,63,60,67,70
Beyonce0016.jpeg,47,49,26,49,39,51,52,51,31,50,21,48,38,45,52,45,30,45,,,33,65,48,71,27,73,36,70,36,79
Beyonce0018.jpeg,56,56,30,51,52,57,65,55,39,54,26,48,51,55,67,47,40,51,,,44,73,54,77,33,76,45,76,44,86
Beyonce0020.jpeg,65,50,41,51,60,52,70,51,49,52,35,50,60,48,72,45,52,48,31,45,57,66,68,70,43,72,58,73,57,81
Beyonce0025.jpeg,50,50,33,52,45,51,56,48,,,28,52,41,48,56,44,36,49,,,40,65,55,66,33,70,41,68,44,79
Beyonce0029.jpeg,59,37,28,40,49,37,66,35,,,,,48,29,65,28,,,,,43,48,56,61,34,66,45,57,45,70
Beyonce0033.jpeg,60,47,37,46,56,48,68,46,43,47,31,46,53,41,69,40,44,42,31,40,49,61,57,70,42,71,49,67,49,76
Beyonce0035.jpeg,44,50,24,59,38,55,51,47,,,,,31,49,53,42,25,55,,,34,71,50,76,,,37,79,40,86
Beyonce0036.jpeg,62,40,28,43,57,44,74,39,40,43,19,41,54,36,74,31,43,35,19,28,49,59,62,70,38,71,52,64,48,78
Beyonce0038.jpeg,37,54,15,52,29,55,42,57,18,53,,,29,48,47,52,18,48,,,16,66,30,77,,,17,73,17,84
Beyonce0039.jpeg,65,46,45,47,59,46,69,44,49,46,38,46,58,44,70,39,52,42,,,58,57,67,63,47,67,58,60,58,76
Beyonce0044.jpeg,61,49,40,49,55,51,68,47,46,51,33,49,57,43,70,41,44,44,32,42,51,68,62,75,38,72,50,71,50,84
BhagatSingh0001.jpeg,52,48,26,53,45,51,59,47,30,51,20,52,43,47,63,40,32,49,16,47,40,65,49,74,29,75,41,71,42,81
BhagatSingh0002.jpeg,58,55,43,58,53,57,64,56,45,56,33,56,54,48,70,53,45,48,31,52,50,69,57,77,41,77,49,75,50,83
BhagatSingh0007.jpeg,63,55,40,54,57,56,67,57,46,55,35,55,58,51,73,51,48,48,31,52,51,68,58,80,40,79,50,78,50,82
BhagatSingh0008.jpeg,61,57,38,56,53,57,67,57,44,57,35,57,52,53,70,48,45,53,32,54,49,72,56,80,41,80,48,77,50,86
BhagatSingh0013.jpeg,57,50,36,49,52,51,63,50,42,50,32,49,53,45,66,46,44,45,28,45,48,61,54,72,39,72,48,71,48,74
BhagatSingh0019.jpeg,56,53,35,53,50,53,61,54,40,53,30,52,47,48,63,45,42,48,28,48,48,65,53,73,39,74,47,71,46,80
BhagatSingh0021.jpeg,61,51,43,47,55,50,67,52,46,50,33,50,54,45,70,48,47,43,27,46,52,66,58,76,40,74,49,70,51,82
BhagatSingh0027.jpeg,71,46,39,44,65,46,81,46,47,46,32,46,63,39,84,38,51,38,,,57,64,67,77,45,78,55,77,55,81
BhagatSingh0029.jpeg,63,37,35,40,60,39,72,41,46,37,30,39,59,30,76,29,46,29,25,33,51,60,59,69,36,70,48,64,48,79
BhagatSingh0030.jpeg,54,47,26,46,45,46,58,48,33,47,17,45,46,40,57,35,33,41,17,37,41,65,49,75,28,76,41,75,41,81
BhagatSingh0033.jpeg,67,53,41,54,59,54,74,52,49,54,38,52,59,48,76,48,49,49,35,49,55,68,66,80,42,78,52,75,52,83
BhagatSingh0035.jpeg,63,54,40,55,57,56,71,55,44,55,34,56,55,50,,,46,50,31,49,53,70,61,81,41,81,52,81,52,86
BhagatSingh0039.jpeg,58,54,36,57,53,55,62,55,42,54,33,55,51,49,71,46,43,50,29,48,47,67,54,77,38,77,47,73,47,82
BhagatSingh0043.jpeg,63,52,40,53,58,55,70,52,47,55,35,55,58,48,73,47,46,49,33,50,54,68,60,77,45,76,54,74,54,83
BhagatSingh0048.jpeg,60,54,40,55,53,52,66,52,46,54,33,55,53,49,70,44,44,49,26,49,50,71,58,83,40,82,50,79,50,89
BillClinton0006.jpeg,59,48,40,49,54,49,62,49,44,48,35,51,51,49,66,47,45,47,34,49,50,64,56,71,43,73,51,70,51,74
BillClinton0009.jpeg,62,42,42,49,56,43,65,40,46,48,35,50,51,42,64,33,48,45,32,47,55,63,66,66,48,73,59,71,61,76
BillClinton0012.jpeg,53,41,41,41,48,39,59,41,44,41,35,43,47,30,56,34,43,30,35,38,52,64,,,45,69,59,69,57,77
BillClinton0017.jpeg,65,48,51,49,,,,,55,50,45,51,60,44,,,57,45,42,49,63,60,,,51,69,58,67,60,76
BillClinton0019.jpeg,55,45,41,46,50,46,60,46,44,46,36,46,49,43,61,41,46,43,33,42,50,58,57,67,41,68,49,64,51,72
BillClinton0026.jpeg,46,50,31,46,44,49,54,52,37,48,,,44,44,57,45,39,43,30,38,33,67,45,76,,,36,71,35,84
BillClinton0028.jpeg,58,44,35,46,53,46,67,46,42,45,28,50,50,41,63,40,45,41,27,44,49,58,61,68,40,69,50,65,50,68
BillClinton0031.jpeg,53,53,30,52,,,61,53,34,52,26,54,,,,,,,,,42,67,52,73,34,74,,,40,79
BillClinton0033.jpeg,53,41,,,50,37,62,42,45,38,36,38,49,30,64,40,46,31,37,36,36,49,42,68,31,63,37,60,30,69
BillClinton0035.jpeg,,,,,55,44,66,46,43,43,32,45,54,35,65,41,43,35,32,39,51,57,61,65,42,63,49,61,51,67
BillClinton0039.jpeg,,,,,55,45,63,45,45,45,38,47,53,43,62,42,49,41,39,42,53,62,62,67,44,66,52,65,52,76
BillClinton0042.jpeg,56,46,39,46,52,45,61,46,41,45,33,47,50,43,63,42,42,41,32,42,47,61,56,70,38,71,46,66,46,76
BillClinton0046.jpeg,65,44,47,51,62,46,69,45,49,48,42,51,58,41,67,40,52,42,40,50,66,57,74,67,59,73,66,66,68,73
BillClinton0050.jpeg,,,,,39,38,47,40,,,,,36,37,48,38,31,37,,,30,50,45,66,29,67,34,61,36,70
BillClinton0051.jpeg,65,50,42,48,60,50,69,51,48,48,37,47,58,47,69,45,52,44,37,41,55,63,61,75,45,72,52,69,52,75
BillGates0004.jpeg,51,51,29,50,43,52,57,51,37,50,23,50,47,45,59,49,36,44,,,38,66,51,71,29,69,40,70,40,75
BillGates0006.jpeg,54,47,28,45,48,45,61,48,34,44,24,44,,,,,,,,,38,63,52,70,26,69,39,69,39,77
BillGates0008.jpeg,50,43,35,49,48,44,54,42,37,46,31,49,44,39,55,39,36,42,28,45,,,56,61,42,65,48,61,49,63
BillGates0010.jpeg,59,46,35,46,56,46,67,47,39,46,31,46,51,43,,,41,38,,,48,62,60,69,37,69,,,49,79
BillGates0012.jpeg,69,34,44,34,65,35,73,33,51,34,42,34,,,,,54,29,,,60,55,72,56,39,59,60,58,61,70
BillGates0013.jpeg,75,37,50,43,69,39,80,39,55,41,43,44,66,36,79,34,55,37,42,40,68,56,75,67,54,69,67,62,69,74
BillGates0021.jpeg,59,19,31,24,52,19,67,20,38,20,24,25,,,,,,,,,46,47,65,54,31,60,46,53,47,64
BillGates0024.jpeg,65,52,43,53,57,55,69,52,47,54,34,55,56,47,65,45,49,49,36,50,55,68,64,74,41,72,55,76,55,78
BillGates0029.jpeg,67,44,45,50,60,45,72,42,48,49,36,53,,,,,,,,,60,67,68,70,47,71,57,67,59,78
BillGates0042.jpeg,75,47,44,47,,,,,56,48,39,49,68,38,,,57,38,36,41,67,64,72,72,48,72,65,71,64,73
BillGates0046.jpeg,59,47,35,48,56,49,66,47,41,48,31,49,53,41,,,,,,,51,67,61,69,37,70,50,69,49,77
BillGates0051.jpeg,71,44,47,42,67,44,76,44,54,43,42,42,66,40,77,39,56,38,43,37,67,61,69,72,48,69,62,67,61,76
BillGates0056.jpeg,61,48,34,47,53,50,67,50,42,48,29,48,54,43,,,43,43,27,44,48,66,59,72,37,71,47,69,47,76
BillGates0059.jpeg,54,38,35,38,49,39,59,38,40,38,31,38,47,34,,,40,33,29,36,43,49,52,54,36,54,44,52,43,59
BillGates0062.jpeg,59,35,40,38,54,35,62,34,44,35,36,38,52,30,,,47,33,,,52,48,63,53,,,54,53,55,59
BradPitt0002.jpeg,60,48,34,49,52,49,66,48,39,50,27,48,50,44,69,43,39,44,23,44,43,68,54,77,35,77,44,75,46,84
BradPitt0006.jpeg,72,47,48,50,65,48,76,46,54,52,43,53,65,43,79,41,56,46,40,47,63,70,72,75,52,80,62,76,61,85
BradPitt0007.jpeg,58,42,30,45,50,43,64,41,38,46,25,49,47,38,66,36,38,41,21,45,46,66,59,74,37,77,48,73,51,82
BradPitt0016.jpeg,63,40,30,37,53,41,71,39,40,40,23,39,50,33,72,31,40,34,20,34,43,64,59,70,29,67,46,69,44,82
BradPitt0028.jpeg,58,41,39,42,51,40,61,44,42,41,33,43,51,35,64,40,45,35,31,39,45,55,57,68,37,67,45,61,47,72
BradPitt0029.jpeg,49,52,30,54,44,53,55,52,34,55,27,56,42,48,59,49,31,48,,,39,71,51,78,37,79,41,76,45,83
BradPitt0038.jpeg,70,50,48,49,64,50,74,50,56,50,45,49,68,45,,,57,44,40,46,63,65,68,74,53,74,63,71,61,81
BradPitt0059.jpeg,57,57,35,58,51,58,64,57,41,59,28,60,49,56,65,53,43,57,27,55,47,73,54,78,38,81,46,79,48,84
BradPitt0066.jpeg,69,37,36,37,59,39,77,37,44,39,28,38,59,30,81,33,44,32,21,36,54,65,68,73,40,74,56,73,56,83
BradPitt0069.jpeg,60,46,36,46,53,47,66,47,42,48,29,48,54,42,69,44,41,42,23,46,49,68,57,76,38,77,48,74,50,86
BradPitt0078.jpeg,63,51,44,52,58,50,67,50,46,50,37,52,57,49,67,46,47,47,36,50,53,64,60,73,45,75,53,70,52,80
BradPitt0081.jpeg,59,50,38,46,54,47,64,48,41,47,34,48,53,45,66,45,44,43,32,45,51,60,60,67,39,67,51,67,53,76
BradPitt0087.jpeg,56,46,41,49,51,45,61,45,45,47,36,50,49,39,63,42,42,41,33,49,50,59,62,61,42,67,52,61,54,72
BradPitt0089.jpeg,59,53,38,52,53,55,66,55,41,54,31,52,55,49,67,52,40,47,29,50,47,70,54,78,38,77,46,76,46,85
BradPitt0107.jpeg,58,48,44,49,55,49,63,51,50,46,40,49,54,44,62,47,48,44,37,47,52,60,60,67,43,67,52,65,51,74
BritneySpears0004.jpeg,59,44,42,44,55,44,62,43,46,44,36,45,54,40,60,39,45,39,35,42,52,52,59,58,39,59,51,58,51,72
BritneySpears0006.jpeg,68,31,31,31,59,34,77,30,39,32,22,31,62,25,79,18,38,26,,,50,60,62,66,36,68,50,65,51,79
BritneySpears0009.jpeg,47,45,22,49,40,45,56,43,27,49,,,39,40,,,24,45,,,32,69,48,74,,,36,73,39,81
BritneySpears0020.jpeg,49,58,31,66,42,60,54,55,,,,,40,58,,,32,62,,,43,77,53,77,43,83,45,79,51,84
BritneySpears0023.jpeg,64,45,43,63,59,49,64,42,50,59,40,68,54,49,64,35,47,57,32,66,68,70,78,68,66,77,72,73,76,79
BritneySpears0039.jpeg,58,48,38,46,53,48,66,49,43,48,34,46,54,44,69,44,,,,,46,62,53,69,38,69,44,66,44,74
BritneySpears0041.jpeg,52,50,35,49,47,49,57,48,40,50,30,49,46,46,61,44,40,46,29,45,43,62,60,67,32,67,43,67,43,79
BritneySpears0050.jpeg,65,45,37,38,58,48,74,48,42,41,28,36,57,43,,,45,36,27,28,45,67,54,73,31,69,43,72,42,80
BritneySpears0064.jpeg,57,45,35,55,52,46,63,41,39,53,28,56,50,40,66,34,36,45,,,53,64,64,69,49,75,54,69,59,78
BritneySpears0066.jpeg,61,30,26,35,51,32,69,27,31,34,15,37,46,27,73,21,28,30,12,30,43,60,57,68,35,71,46,65,48,77
BritneySpears0077.jpeg,46,40,24,44,41,41,51,41,28,42,20,45,38,36,51,34,28,38,19,40,33,53,46,64,,,38,60,36,68
BritneySpears0078.jpeg,63,44,34,46,57,47,72,43,41,46,27,45,57,40,75,39,42,39,24,37,52,66,59,75,41,76,51,72,50,82
BritneySpears0083.jpeg,61,47,33,45,55,48,,,42,48,29,46,57,45,,,36,42,21,42,49,70,58,75,38,75,48,73,47,81
BritneySpears0084.jpeg,57,55,32,56,52,56,66,54,40,58,26,53,52,51,64,46,41,51,31,48,48,69,56,73,37,76,46,73,48,79
BritneySpears0088.jpeg,68,23,22,24,62,25,83,22,33,24,11,22,59,18,84,10,32,15,13,9,46,60,60,69,29,71,46,68,49,81
BruceLee0001.jpeg,54,43,34,35,50,42,59,45,39,38,31,36,49,38,60,40,44,36,30,31,44,47,47,57,34,53,42,54,39,57
BruceLee0002.jpeg,69,59,53,60,65,58,71,57,58,61,51,60,65,56,72,53,60,57,50,53,63,70,70,78,56,77,62,76,62,80
BruceLee0003.jpeg,45,54,26,54,40,54,50,52,31,55,23,54,32,50,49,46,29,51,20,48,35,69,43,76,31,78,34,73,37,81
BruceLee0016.jpeg,71,38,51,41,67,39,76,38,57,41,47,43,68,35,78,33,59,36,45,40,68,54,70,74,59,78,66,61,65,85
BruceLee0022.jpeg,71,59,48,48,65,56,78,60,56,52,43,48,66,53,82,52,60,51,41,39,55,71,58,80,41,74,50,76,45,86
BruceLee0035.jpeg,66,37,43,35,60,37,70,38,51,35,40,37,59,34,70,29,53,33,36,31,58,58,63,65,48,65,56,62,54,71
BruceLee0044.jpeg,55,43,30,45,49,42,66,43,36,42,21,46,45,35,65,33,36,38,21,35,40,65,57,72,31,74,41,69,41,76
BruceLee0051.jpeg,60,48,39,50,57,48,65,47,43,50,32,49,55,43,62,40,46,44,31,42,51,66,58,72,40,74,50,71,50,73
BruceLee0058.jpeg,57,49,35,49,51,49,62,47,41,50,32,50,47,47,63,44,42,46,28,44,46,66,56,75,39,75,47,70,47,81
BruceLee0069.jpeg,44,51,25,51,41,51,50,50,26,51,20,50,37,46,51,44,28,47,,,33,68,36,72,27,73,33,70,33,80
BruceLee0077.jpeg,65,52,40,52,59,52,69,52,46,52,37,50,59,46,78,46,48,47,30,44,53,71,56,79,44,79,52,77,49,84
BruceLee0079.jpeg,51,50,30,50,45,50,59,51,33,50,24,50,42,46,62,43,35,47,22,44,39,68,49,73,36,76,40,74,43,82
BruceLee0084.jpeg,66,51,51,46,63,51,66,52,54,49,45,47,62,48,72,49,58,46,43,44,57,64,57,73,49,73,55,69,54,76
BruceLee0090.jpeg,48,50,26,49,42,50,53,52,34,49,20,50,44,44,59,45,34,44,23,45,40,65,47,72,29,71,39,69,38,77
BruceLee0110.jpeg,68,38,41,38,62,38,73,40,52,38,37,38,62,35,75,30,55,34,34,30,63,59,66,70,47,69,60,67,58,78
BruceWillis0004.jpeg,62,41,49,42,59,41,64,41,53,40,42,41,58,38,64,36,54,38,43,38,63,50,,,48,68,,,57,78
BruceWillis0007.jpeg,62,35,32,43,50,36,67,34,39,41,27,47,47,33,66,26,40,36,26,43,53,58,62,70,45,74,54,69,55,75
BruceWillis0009.jpeg,59,37,43,33,54,35,64,37,47,34,40,34,,,,,,,,,51,42,53,72,34,63,43,70,40,77
BruceWillis0014.jpeg,65,47,47,47,60,49,70,47,53,48,43,48,61,44,70,43,55,42,37,42,58,60,62,66,47,66,56,66,54,74
BruceWillis0024.jpeg,,,,,52,27,68,24,36,31,22,35,46,24,68,20,39,28,20,32,47,51,67,58,35,64,50,61,52,72
BruceWillis0027.jpeg,60,29,45,27,55,29,66,29,48,26,36,26,,,,,,,,,52,38,57,76,36,73,49,73,45,77
BruceWillis0039.jpeg,58,36,36,33,54,36,66,37,43,33,31,33,53,30,68,32,46,30,29,30,49,48,54,80,32,77,45,77,46,91
BruceWillis0048.jpeg,46,45,31,38,38,46,52,50,,,26,40,41,42,59,42,35,36,30,28,32,57,36,71,20,68,28,68,27,73
BruceWillis0055.jpeg,46,47,37,48,43,45,51,48,39,47,35,49,42,44,50,45,39,44,34,46,42,56,53,71,41,75,45,70,47,78
BruceWillis0061.jpeg,79,41,52,44,74,44,83,43,62,42,48,45,75,41,85,37,66,40,43,41,72,64,75,76,59,77,70,75,70,83
BruceWillis0069.jpeg,57,54,39,57,52,55,61,52,42,57,34,58,48,50,66,49,43,52,31,56,45,66,51,79,40,80,46,78,46,83
BruceWillis0090.jpeg,67,42,39,39,57,42,70,42,47,41,33,38,58,38,72,39,48,39,28,37,52,61,58,75,40,74,48,74,50,76
BruceWillis0095.jpeg,56,34,27,28,49,32,63,35,34,30,22,29,49,30,65,29,35,28,22,26,37,51,46,71,24,66,34,65,33,71
BruceWillis0110.jpeg,,,,,48,23,68,19,31,28,11,33,44,17,71,11,33,20,10,29,44,49,66,56,34,63,49,60,52,68
BruceWillis0114.jpeg,55,42,31,37,49,42,60,46,40,39,26,39,,,,,,,,,41,53,48,68,30,60,37,62,35,72
CharlieChaplin0013.jpeg,69,45,44,40,66,44,79,44,52,41,39,39,68,38,84,41,57,36,39,32,62,58,63,72,45,72,56,66,53,74
CharlieChaplin0015.jpeg,73,36,46,36,69,35,81,35,54,35,39,35,71,26,,,55,25,40,26,68,53,73,64,54,64,67,60,66,69
CharlieChaplin0018.jpeg,53,56,34,55,49,56,58,56,39,55,30,53,51,47,63,51,41,46,29,48,42,67,45,76,35,74,41,75,41,78
CharlieChaplin0021.jpeg,58,59,38,56,53,59,62,57,41,57,34,56,55,47,64,53,44,46,30,50,46,69,49,79,39,77,45,76,44,80
CharlieChaplin0022.jpeg,35,53,,,32,53,41,53,,,,,29,49,41,51,25,50,,,22,65,33,72,,,,,,
CharlieChaplin0025.jpeg,,,,,44,56,56,55,37,54,27,57,44,50,55,48,35,50,25,49,,,45,77,32,74,,,,
CharlieChaplin0029.jpeg,71,42,45,44,65,42,73,41,48,44,36,41,66,33,79,33,52,34,37,35,59,62,64,71,49,71,58,69,58,73
CharlieChaplin0031.jpeg,65,50,45,53,60,52,71,51,53,52,38,51,60,43,72,44,52,44,38,45,,,63,75,51,75,58,74,56,77
CharlieChaplin0035.jpeg,76,45,56,54,73,50,82,47,62,54,48,55,73,41,,,60,47,43,55,78,71,82,76,71,80,,,79,82
CharlieChaplin0048.jpeg,62,46,36,47,54,46,68,44,41,44,29,45,54,39,68,39,42,38,27,42,50,61,61,76,37,77,49,73,49,76
CharlieChaplin0086.jpeg,56,50,40,51,54,55,63,52,48,53,36,53,54,48,66,50,48,43,34,47,52,66,51,74,41,69,,,,
CharlieChaplin0101.jpeg,55,57,34,55,50,58,60,58,40,55,31,56,51,53,63,53,41,52,31,49,45,70,50,79,37,78,43,78,44,82
CharlieChaplin0120.jpeg,46,54,30,56,44,56,53,53,,,27,56,42,46,55,50,30,46,,,35,70,47,77,35,77,,,42,79
CharlieChaplin0124.jpg,52,61,32,54,46,60,58,60,37,55,27,53,49,55,60,59,38,51,27,47,37,74,43,82,29,78,35,78,34,82
CharlieChaplin0126.jpeg,62,40,33,40,52,41,72,43,39,41,22,46,52,36,77,37,36,34,16,33,44,68,54,78,42,79,48,77,46,82
CheGuevara0001.jpeg,55,41,31,43,49,41,61,40,34,42,26,44,47,33,65,37,36,36,20,39,40,47,53,65,30,69,40,60,41,69
CheGuevara0003.jpeg,55,30,42,44,,,,,43,40,38,52,49,28,,,39,37,29,51,65,40,74,48,66,56,66,48,73,54
CheGuevara0004.jpeg,63,37,26,39,55,37,71,34,36,40,17,43,53,34,79,29,41,33,16,37,47,55,67,71,36,75,50,66,52,78
CheGuevara0005.jpeg,61,41,36,41,56,42,69,43,42,41,31,44,53,38,68,36,44,37,30,38,48,54,58,65,38,64,48,62,49,69
CheGuevara0014.jpeg,58,42,34,41,53,43,65,42,42,44,30,42,50,34,68,33,45,35,26,35,50,58,58,67,43,68,49,62,50,70
CheGuevara0016.jpeg,58,32,37,34,52,31,64,32,40,32,31,36,47,25,66,27,39,26,,,43,34,54,63,31,68,39,52,44,65
CheGuevara0019.jpeg,75,48,58,39,,,,,63,40,49,37,74,43,,,68,39,52,33,72,55,68,67,50,59,65,59,59,69
CheGuevara0035.jpeg,66,56,28,57,,,,,,,,,60,54,79,56,38,50,23,48,,,57,69,39,70,50,69,49,76
CheGuevara0039.jpeg,61,43,32,44,55,43,68,42,40,43,28,43,51,38,69,36,41,40,25,38,48,59,59,69,37,71,48,66,48,76
CheGuevara0049.jpeg,48,38,30,47,43,41,53,36,34,46,26,51,41,39,54,33,34,44,25,48,40,57,60,55,,,46,59,52,71
CheGuevara0085.jpeg,,,,,46,37,58,40,36,39,21,41,44,33,60,34,35,33,22,35,36,49,45,57,,,35,53,36,66
CheGuevara0089.jpeg,48,44,27,39,42,42,55,46,32,39,24,38,44,36,57,40,32,34,23,32,31,50,41,60,24,58,32,58,32,66
CheGuevara0093.jpeg,43,47,23,52,37,47,49,44,26,50,18,55,31,41,46,37,24,45,,,28,63,44,71,27,78,31,70,39,83
CheGuevara0098.jpeg,,,,,,,,,,,,,43,50,67,46,39,49,21,47,40,60,54,61,32,64,41,61,41,77
CheGuevara0067.jpeg,59,47,35,47,51,46,68,48,41,47,28,48,51,43,65,41,44,44,28,40,45,57,56,72,35,73,45,71,46,77
AdolfHitler0001.jpeg,59,48,41,50,55,48,62,47,49,51,36,51,,,,,,,,,57,57,62,68,48,70,55,67,57,69
AdolfHitler0002.jpeg,59,27,41,37,56,23,67,27,42,31,33,39,,,,,,,,,56,33,66,45,56,55,60,45,64,51
AdolfHitler0003.jpeg,33,42,28,54,31,45,37,39,29,50,26,57,,,,,,,,,33,80,73,59,62,70,66,62,68,62
AdolfHitler0004.jpeg,35,38,,,32,40,39,34,,,,,28,38,37,30,23,38,18,36,24,46,56,65,34,71,,,33,57
AdolfHitler0005.jpeg,53,34,31,36,47,33,58,34,,,30,36,44,28,58,32,37,29,26,28,23,50,37,70,18,76,26,62,29,66
AdolfHitler0006.jpeg,50,41,37,41,47,39,55,39,41,39,34,42,46,35,56,35,41,35,33,35,29,57,49,79,38,78,43,77,44,82
AdolfHitler0007.jpeg,44,39,25,39,37,42,50,44,28,38,22,37,36,36,46,30,28,31,21,33,16,53,42,71,20,67,30,66,28,69
AdolfHitler0009.jpeg,49,39,32,38,41,41,56,40,40,39,27,42,46,23,51,27,36,25,27,27,42,56,51,74,31,75,41,68,39,72
AdolfHitler0010.jpeg,,,60,43,,,,,64,40,58,42,,,,,,,58,40,72,56,,,,,,,,
AdolfHitler0011.jpeg,32,61,,,28,63,37,61,,,,,29,55,35,56,,,,,24,70,37,74,,,28,75,31,77
AdolfHitler0012.jpeg,40,46,20,39,32,48,45,49,24,40,15,40,34,35,43,38,27,31,17,27,22,52,30,64,18,62,21,62,23,65
AdolfHitler0013.jpeg,44,39,,,43,34,47,41,,,,,56,21,49,39,43,24,,,20,23,,,,,22,48,18,53
AdolfHitler0014.jpeg,61,36,44,41,56,35,62,32,47,39,38,45,55,31,65,29,49,30,39,42,66,48,71,57,60,65,70,56,66,60
AdolfHitler0016.jpeg,66,34,50,36,62,35,69,35,56,33,46,33,62,28,69,28,59,29,46,28,70,45,71,68,49,72,64,65,64,68
AdolfHitler0008.jpeg,63,48,36,48,56,49,65,49,42,46,30,46,56,43,71,42,44,42,28,40,52,62,61,76,36,75,50,73,51,76
AishwaryaRai0001.jpeg,69,49,47,47,66,48,71,48,51,46,40,45,62,43,74,44,54,42,41,39,60,60,63,67,49,65,58,65,57,72
AishwaryaRai0002.jpeg,52,57,28,54,48,55,58,56,34,54,24,54,46,52,62,52,35,49,22,48,37,74,48,81,28,78,38,79,38,87
AishwaryaRai0003.jpeg,51,41,22,54,44,46,61,37,29,52,15,56,37,36,57,32,25,41,13,49,35,63,50,72,34,80,39,68,43,80
AishwaryaRai0004.jpeg,66,66,39,42,60,62,69,68,46,51,32,38,62,54,79,60,50,46,34,29,45,72,41,83,28,71,39,76,31,81
AishwaryaRai0005.jpeg,45,44,23,42,39,46,51,49,30,44,19,43,41,37,53,40,28,37,18,37,30,55,40,62,22,61,31,58,29,70
AishwaryaRai0006.jpeg,45,52,25,52,38,54,54,52,28,50,20,50,37,47,52,46,26,46,21,42,29,62,45,70,25,69,31,68,32,78
AishwaryaRai0007.jpeg,26,56,19,59,23,56,31,56,20,58,,,18,51,26,51,,,,,22,69,33,73,,,27,72,31,76
AishwaryaRai0008.jpeg,45,49,23,48,40,49,52,50,29,48,20,48,37,42,50,42,27,42,18,41,30,63,44,73,26,72,33,69,34,78
AishwaryaRai0009.jpeg,62,42,26,39,55,42,71,41,33,42,18,42,51,31,73,29,33,33,17,33,39,63,54,74,35,76,43,69,44,84
AishwaryaRai0010.jpeg,44,41,27,51,41,46,50,41,31,48,24,52,36,42,49,36,29,44,22,49,37,58,48,61,37,68,40,62,43,70
AishwaryaRai0011.jpeg,72,40,40,29,67,39,81,45,50,32,32,28,72,27,82,33,57,22,35,16,61,48,60,66,41,62,54,57,51,72
AishwaryaRai0012.jpeg,63,47,40,47,57,44,68,45,45,45,32,44,58,40,71,37,43,38,30,37,51,60,61,71,43,69,52,66,51,76
AishwaryaRai0013.jpeg,58,39,28,39,52,42,67,38,34,40,21,40,50,24,68,24,31,30,19,26,40,73,55,87,36,87,44,85,44,95
AishwaryaRai0015.jpeg,36,46,,,34,52,38,35,,,,,25,47,38,29,,,,,38,66,55,62,,,47,66,55,69
AishwaryaRai0016.jpeg,67,35,37,47,63,39,74,32,44,44,30,50,60,33,72,23,45,37,24,45,63,58,74,64,52,72,64,67,69,76
AlbertEinstein0001.jpeg,56,49,34,56,51,51,60,49,38,54,30,54,51,38,56,39,37,41,31,43,47,63,59,67,39,72,47,66,50,75
AlbertEinstein0002.jpeg,77,41,55,41,77,41,84,45,62,44,53,40,74,40,,,65,37,48,37,68,57,76,70,56,65,67,64,70,72
AlbertEinstein0004.jpeg,55,51,36,53,51,49,63,52,39,49,32,53,51,47,63,47,42,48,31,47,39,70,50,83,37,79,44,77,43,83
AlbertEinstein0003.jpeg,48,54,36,52,44,51,53,56,39,49,31,48,,,,,,,,,30,72,53,81,,,47,79,47,83
AlbertEinstein0005.jpeg,56,50,38,49,51,49,63,49,44,49,34,52,54,42,64,45,44,43,30,47,50,75,,,,,,,,
AlbertEinstein0006.jpeg,59,42,37,40,54,44,66,44,40,41,33,40,53,39,67,42,43,37,27,36,46,70,,,,,,,,
AlbertEinstein0007.jpeg,51,48,37,48,49,47,53,47,42,47,35,47,48,41,56,39,41,39,32,39,42,66,,,,,,,,
AlbertEinstein0008.jpeg,74,44,45,44,68,47,82,46,50,44,36,45,67,41,79,40,54,38,36,38,61,63,,,,,,,,
AlbertEinstein0009.jpeg,54,68,35,68,51,70,61,72,42,67,34,70,50,65,61,63,39,64,31,63,46,82,,,,,,,,
AlbertEinstein0010.jpeg,,,72,55,,,,,76,56,65,52,,,,,85,47,72,46,88,70,,,73,78,78,78,76,80
AlbertEinstein0012.jpeg,51,43,36,43,47,45,53,43,42,44,32,45,48,35,56,38,40,35,31,39,42,64,55,74,33,72,42,71,45,74
AlbertEinstein0013.jpeg,52,44,20,50,45,47,59,45,25,51,15,56,38,37,50,36,18,41,7,46,38,64,64,70,35,72,50,69,59,84
AlbertEinstein0014.jpeg,57,64,42,63,53,62,62,64,46,62,39,62,54,60,61,62,45,59,37,59,51,80,,,,,,,,
AlbertEinstein0015.jpeg,58,67,38,65,55,66,65,67,42,66,31,66,57,59,67,62,42,61,32,57,46,82,,,,,,,,
AlbertEinstein0016.jpeg,54,43,30,42,45,43,63,46,37,43,25,42,46,36,66,37,39,33,22,36,35,55,,,,,,,,
CurtisJamesJacksonIII0002.jpeg,49,35,35,35,44,35,52,35,37,34,31,34,46,27,61,31,32,28,21,25,37,41,46,66,12,60,28,49,19,75
CurtisJamesJacksonIII0003.jpeg,57,42,41,42,51,41,62,41,44,41,30,41,51,39,62,38,45,40,31,40,48,48,63,64,33,65,49,57,47,89
CurtisJamesJacksonIII0005.jpeg,44,44,25,45,39,44,48,44,28,45,21,45,35,41,48,40,27,42,19,42,28,58,38,70,24,70,28,65,29,75
CurtisJamesJacksonIII0006.jpeg,50,31,36,29,46,30,54,31,38,28,34,27,46,26,57,29,,,,,34,43,54,57,11,53,30,52,28,70
CurtisJamesJacksonIII0007.jpeg,58,49,39,48,54,50,63,48,43,48,34,48,54,45,,,43,45,32,43,49,65,56,74,39,74,49,71,48,80
CurtisJamesJacksonIII0008.jpeg,38,41,23,39,32,40,41,40,23,38,21,40,26,31,46,37,,,,,22,46,38,68,13,65,19,56,17,76
CurtisJamesJacksonIII0009.jpeg,60,21,31,31,53,23,67,19,39,29,25,33,55,11,71,10,31,13,17,24,51,44,66,58,47,65,55,57,57,64
CurtisJamesJacksonIII0010.jpeg,42,18,15,26,34,21,45,17,19,25,11,28,29,13,45,11,,,,,18,39,36,61,18,66,22,58,25,72
CurtisJamesJacksonIII0011.jpeg,62,50,39,47,57,50,68,50,44,49,32,47,59,44,74,46,45,40,28,40,52,64,58,78,36,78,50,75,47,84
CurtisJamesJacksonIII0013.jpeg,60,43,39,44,55,44,64,43,44,44,34,44,52,40,66,37,46,41,32,42,50,64,58,75,41,76,50,73,50,84
CurtisJamesJacksonIII0014.jpeg,45,46,32,46,40,46,48,46,34,46,27,46,,,,,31,42,23,41,31,60,45,76,21,74,28,70,26,88
CurtisJamesJacksonIII0015.jpeg,38,46,22,48,31,45,41,46,23,46,18,49,30,40,45,43,20,44,15,43,21,60,32,72,21,72,23,70,24,79
CurtisJamesJacksonIII0016.jpeg,53,42,34,41,50,42,57,42,38,42,31,41,49,37,58,34,40,37,29,37,43,52,56,65,34,64,44,61,44,79
CurtisJamesJacksonIII0017.jpeg,66,50,46,51,63,50,72,51,51,50,40,52,64,48,74,47,52,46,37,45,59,64,67,75,47,76,58,72,57,83
CurtisJamesJacksonIII0019.jpeg,55,39,35,39,50,38,60,39,39,39,29,39,51,34,66,29,37,34,24,32,43,49,61,67,28,68,42,63,42,79
DalaiLama0005.jpeg,62,46,41,41,58,46,67,47,46,43,38,40,59,38,68,39,48,35,36,33,50,59,53,72,37,69,47,69,45,77
DalaiLama0007.jpeg,63,50,51,50,60,50,65,50,53,49,48,49,62,43,67,41,50,41,42,41,58,60,59,72,45,71,55,72,55,77
DalaiLama0009.jpeg,62,43,37,41,56,44,67,43,43,42,32,42,57,36,68,35,40,35,28,35,49,61,59,74,36,72,47,73,48,77
DalaiLama0010.jpeg,61,46,38,46,57,46,66,46,43,46,34,46,54,40,65,40,43,39,31,40,50,62,58,69,41,69,49,69,50,74
DalaiLama0014.jpeg,70,41,50,39,67,42,77,40,57,40,45,39,72,32,79,32,53,33,38,36,60,63,63,74,46,72,56,72,53,77
DalaiLama0015.jpeg,70,52,55,45,68,52,72,53,57,47,51,44,71,45,76,45,61,40,51,33,61,66,56,78,43,73,53,76,50,79
DalaiLama0016.jpeg,,,,,43,26,49,28,34,21,30,19,46,16,58,22,38,12,32,7,26,32,27,54,19,52,20,51,22,59
DalaiLama0017.jpeg,44,45,26,51,41,46,50,45,31,50,22,51,40,41,50,38,29,47,21,48,34,61,50,71,34,75,41,73,42,78
DalaiLama0018.jpeg,60,31,33,31,52,32,67,33,44,33,25,35,53,24,65,16,44,23,25,25,51,51,57,68,40,68,50,69,49,75
DalaiLama0019.jpeg,54,34,34,35,50,35,58,33,39,37,30,37,50,25,60,22,36,24,29,25,47,48,53,68,43,68,48,66,49,73
DalaiLama0020.jpeg,52,36,39,34,47,35,54,37,41,35,35,35,48,30,55,34,,,,,37,47,59,60,32,62,45,73,47,81
DalaiLama0021.jpeg,74,36,52,34,71,35,79,36,56,34,47,35,70,28,77,30,60,27,41,30,70,47,75,65,56,64,69,60,68,68
DalaiLama0024.jpeg,58,43,35,43,52,43,63,44,39,44,31,44,,,,,,,,,45,61,57,71,36,71,45,73,46,78
DalaiLama0025.jpeg,58,37,36,37,55,38,63,36,38,37,29,37,53,31,66,33,42,31,28,30,47,52,61,62,36,65,47,69,47,74
DalaiLama0026.jpeg,51,24,35,25,48,24,56,25,40,24,32,24,48,15,59,14,41,18,32,15,36,39,50,61,34,62,39,56,41,72
DanielCraig0001.jpeg,61,46,37,46,52,46,64,46,43,46,31,46,50,42,64,42,42,43,29,44,48,63,52,73,40,73,47,71,46,75
DanielCraig0002.jpeg,26,45,240,30,19,48,44,43,54,43,30,44,18,43,43,39,55,43,27,39,52,36,29,71,32,59,47,70,35,70
DanielCraig0007.jpeg,69,46,48,45,66,46,73,46,54,44,43,45,66,43,74,42,55,40,41,41,64,59,66,69,50,69,61,68,59,74
DanielCraig0009.jpeg,61,52,40,52,57,53,67,52,45,52,32,54,54,46,70,45,44,47,30,50,50,68,60,77,40,78,52,77,52,84
DanielCraig0011.jpeg,53,46,30,47,45,46,61,45,35,46,25,48,45,41,59,40,35,42,23,43,41,62,51,73,35,74,41,71,42,77
DanielCraig0012.jpeg,66,37,36,37,59,39,71,38,42,37,31,35,60,34,74,34,45,32,27,32,51,56,59,69,40,69,49,67,49,74
DanielCraig0013.jpeg,57,47,34,49,54,49,64,49,40,47,29,49,52,45,66,46,41,45,27,45,47,62,54,74,37,75,46,74,46,80
DanielCraig0015.jpeg,58,38,39,37,53,36,63,38,43,36,34,38,53,31,70,35,44,30,28,35,48,49,55,61,41,62,47,62,47,68
DanielCraig0016.jpeg,55,38,30,43,50,39,60,38,35,41,25,46,49,34,62,32,32,37,19,43,43,57,58,67,37,70,46,67,47,74
DanielCraig0018.jpeg,,,,,54,32,61,31,44,33,34,34,,,,,,,,,51,42,58,62,41,61,51,60,51,65
DanielCraig0021.jpeg,57,47,37,48,49,47,62,46,40,47,30,48,50,43,65,43,39,44,27,45,46,63,56,71,39,72,46,72,46,77
DanielCraig0027.jpeg,50,48,25,49,43,47,53,47,30,48,19,50,40,43,56,43,28,44,16,48,34,63,44,74,27,76,34,74,34,80
DanielCraig0029.jpeg,68,27,35,28,58,28,72,26,41,27,24,29,62,21,77,20,36,23,19,28,52,52,63,69,38,72,50,71,49,78
DanielCraig0031.jpeg,55,46,31,50,48,46,61,43,35,49,26,51,45,44,61,42,34,46,23,49,41,66,58,76,35,77,43,77,45,84
DanielCraig0033.jpeg,54,49,29,51,46,48,60,47,34,51,23,52,48,42,61,44,32,46,22,47,41,64,52,74,32,74,41,74,42,79
DanielCraig0041.jpeg,47,36,25,41,38,36,48,35,29,39,20,43,38,31,51,32,26,34,15,41,33,54,44,65,27,68,35,62,36,70
DanielRadicliffe0001.jpeg,37,52,63,52,42,52,33,53,57,53,67,53,44,46,28,46,55,48,70,46,50,67,43,75,60,72,50,74,51,77
DanielRadicliffe0002.jpeg,31,54,52,53,35,54,25,54,45,54,55,52,33,49,23,49,44,48,59,48,40,68,34,75,48,73,40,73,41,78
DanielRadicliffe0003.jpeg,50,52,72,52,56,53,45,52,68,52,75,53,61,46,41,48,69,45,79,45,67,66,55,76,71,75,65,74,65,78
DanielRadicliffe0004.jpeg,35,41,63,41,41,40,29,41,59,41,68,41,43,37,26,33,54,37,74,37,47,63,36,71,58,72,47,70,48,76
DanielRadicliffe0006.jpeg,36,50,61,50,41,43,27,45,54,45,63,43,49,69,40,77,60,77,50,77,48,82,,,,,,,,
DanielRadicliffe0008.jpeg,35,52,59,51,40,54,31,53,52,53,61,50,40,47,27,48,52,47,64,46,47,69,39,76,56,74,49,74,49,79
DanielRadicliffe0009.jpeg,49,39,73,41,54,42,42,40,69,41,78,42,59,33,38,34,69,36,80,34,66,59,50,71,69,70,62,70,60,75
DanielRadicliffe0010.jpeg,53,48,73,48,54,46,46,49,67,50,74,47,60,42,45,42,68,46,74,44,66,64,53,74,68,73,63,73,63,77
DanielRadicliffe0012.jpeg,36,53,58,52,40,53,28,52,52,51,63,49,41,47,25,48,50,47,66,47,45,69,36,77,53,76,45,75,44,80
DanielRadicliffe0014.jpeg,37,51,57,51,39,51,31,53,53,52,60,50,41,48,31,47,61,45,46,65,40,74,53,73,46,72,46,77,,
DanielRadicliffe0015.jpeg,48,47,67,47,52,45,45,48,65,46,72,47,58,41,40,42,66,44,74,40,65,61,46,68,69,68,59,69,60,74
DanielRadicliffe0016.jpeg,38,46,56,46,41,47,33,46,51,47,60,48,40,43,32,40,50,45,61,42,46,60,38,67,52,67,45,66,45,70
DanielRadicliffe0018.jpeg,34,44,59,44,30,44,55,44,64,44,41,39,27,40,52,39,68,38,48,59,40,70,55,70,49,68,49,73,,
DanielRadicliffe0019.jpeg,44,54,66,55,49,54,39,56,62,56,71,55,51,49,36,49,64,51,72,48,57,71,49,79,63,78,57,78,56,83
DanielRadicliffe0046.jpeg,38,53,56,60,42,54,34,51,52,58,59,61,45,51,30,47,53,53,63,58,44,70,33,75,44,78,39,76,37,81
DavidBeckham0002.jpeg,32,47,55,47,38,47,28,48,51,49,60,48,36,45,25,45,52,45,62,44,46,65,35,72,56,70,45,72,44,77
DavidBeckham0005.jpeg,31,50,53,50,35,50,27,52,47,51,58,51,36,47,20,47,46,46,61,46,41,68,31,75,52,74,42,75,41,80
DavidBeckham0006.jpeg,34,40,59,40,38,41,26,40,53,40,63,40,37,37,24,36,53,38,68,37,47,62,32,70,56,70,45,69,43,76
DavidBeckham0007.jpeg,33,54,55,54,36,52,28,54,49,54,59,54,35,49,23,50,51,50,63,50,42,69,34,78,50,78,42,77,,
DavidBeckham0009.jpeg,31,43,34,44,25,44,47,44,58,43,33,41,21,43,47,41,64,39,39,61,34,71,53,65,43,67,43,73,,
DavidBeckham0011.jpeg,30,47,55,44,36,45,25,47,48,44,35,42,22,46,48,40,60,40,39,61,37,73,53,71,44,71,46,75,,
DavidBeckham0012.jpeg,37,46,58,46,40,45,32,45,52,45,62,47,38,43,30,43,55,44,65,43,48,65,37,70,54,71,46,71,46,76
DavidBeckham0013.jpeg,38,57,60,51,40,55,30,58,54,53,63,48,26,54,51,49,62,43,48,70,44,80,62,75,51,76,53,82,,
DavidBeckham0018.jpeg,42,47,61,46,47,48,37,48,58,48,68,48,44,45,34,44,60,47,72,44,56,65,44,75,58,74,52,73,52,80
DavidBeckham0019.jpeg,33,52,61,42,39,50,29,54,55,45,64,41,36,46,21,47,50,42,67,34,54,70,47,79,69,69,57,76,60,82
DavidBeckham0022.jpeg,33,56,53,54,39,55,29,56,48,54,56,53,38,51,24,49,48,52,61,50,43,71,37,78,51,78,44,76,44,80
DavidBeckham0023.jpeg,27,48,50,50,32,49,23,48,45,50,55,50,30,42,19,43,45,45,63,50,36,61,29,76,48,75,35,72,36,80
DavidBeckham0034.jpeg,30,30,61,35,39,32,26,30,58,36,68,38,39,30,23,23,59,32,75,33,45,56,30,66,55,69,43,66,44,76
DavidBeckham0069.jpeg,48,50,25,51,43,50,52,51,29,51,21,53,41,48,54,47,26,47,18,48,33,67,47,73,26,76,34,75,36,84
DavidBeckham0079.jpeg,39,45,19,48,34,47,42,46,22,48,16,50,30,43,50,44,19,44,14,47,22,62,33,72,20,74,23,71,25,74
DwayneJohnson0004.jpeg,44,32,22,38,38,34,48,32,26,37,18,40,34,31,50,29,25,33,16,33,27,49,48,56,26,60,33,56,35,67
DwayneJohnson0009.jpeg,50,31,29,36,46,33,55,28,34,36,26,36,44,27,55,23,33,30,25,33,40,52,63,54,36,63,46,57,50,70
DwayneJohnson0010.jpeg,59,43,39,44,55,41,63,42,45,42,33,44,56,39,68,40,45,39,30,41,50,57,57,66,43,68,50,64,50,71
DwayneJohnson0011.jpeg,48,49,26,48,42,50,53,49,31,48,21,48,40,43,52,42,30,42,20,42,33,63,44,76,27,76,35,73,36,80
DwayneJohnson0013.jpeg,46,29,27,36,42,32,52,28,31,36,23,36,40,27,54,23,31,31,22,33,39,49,60,54,32,64,43,59,48,70
DwayneJohnson0015.jpeg,51,32,27,42,44,36,56,30,34,38,23,44,41,34,55,27,30,35,17,36,47,58,61,65,42,75,49,67,54,75
DwayneJohnson0016.jpeg,53,43,33,52,47,45,56,41,36,51,28,53,46,44,58,36,34,47,24,48,48,65,62,67,45,76,53,70,57,76
DwayneJohnson0019.jpeg,59,45,37,47,55,46,64,44,41,46,31,46,55,41,65,40,42,40,31,43,49,61,59,69,41,70,50,69,51,77
DwayneJohnson0020.jpeg,49,37,24,41,41,38,53,37,28,40,17,43,35,36,56,34,26,37,14,41,33,54,47,66,28,68,36,63,38,71
DwayneJohnson0024.jpeg,70,28,50,30,66,28,75,27,55,28,45,29,64,22,71,21,58,22,48,24,65,38,72,51,56,53,65,47,66,54
DwayneJohnson0028.jpeg,40,46,22,46,37,46,45,45,26,45,19,45,34,42,47,43,26,42,18,42,27,60,39,71,25,69,30,68,31,75
DwayneJohnson0029.jpeg,55,45,33,42,52,45,58,44,38,43,29,45,,,,,40,39,29,39,45,57,54,68,36,69,44,65,45,72
DwayneJohnson0031.jpeg,85,37,55,25,81,34,88,39,62,27,49,23,83,28,,,69,19,44,13,72,51,73,72,51,65,66,66,64,75
DwayneJohnson0040.jpeg,61,43,37,42,58,45,67,44,42,44,30,44,55,39,73,40,43,38,26,39,50,60,64,69,35,70,50,67,51,78
DwayneJohnson0055.jpeg,60,47,38,46,56,48,66,47,43,46,32,47,56,44,68,43,44,42,29,44,50,65,57,74,39,76,49,73,50,79
ElvisPresley0002.jpeg,55,51,30,55,48,53,60,50,35,54,26,55,42,50,64,44,28,52,20,50,40,75,57,79,42,80,46,78,49,85
ElvisPresley0004.jpeg,55,53,30,56,50,54,60,51,34,56,26,57,46,51,61,47,30,54,20,53,40,76,57,83,41,84,45,83,49,89
ElvisPresley0007.jpeg,57,52,35,53,52,52,62,51,38,51,30,52,52,49,64,47,35,49,28,49,45,67,56,72,40,73,47,71,47,80
ElvisPresley0008.jpeg,62,50,36,52,55,53,65,50,42,53,31,53,55,49,67,47,42,51,29,51,47,68,58,69,44,74,51,71,51,81
ElvisPresley0012.jpeg,61,46,46,47,57,47,64,46,49,46,41,44,57,46,63,43,51,44,39,43,54,61,57,65,33,67,49,63,44,81
ElvisPresley0017.jpeg,55,52,36,55,48,54,60,50,39,53,31,54,48,48,63,45,36,50,29,53,45,69,58,72,46,76,49,73,53,81
ElvisPresley0022.jpeg,56,49,36,53,53,49,60,49,39,50,30,53,51,45,62,43,39,48,29,53,46,66,56,74,43,75,48,71,49,82
ElvisPresley0023.jpeg,64,36,38,40,57,36,67,36,41,38,34,41,54,31,69,33,41,33,30,38,50,60,59,73,45,74,52,69,53,84
ElvisPresley0024.jpeg,54,54,41,52,51,53,59,54,44,53,37,55,50,48,67,50,42,48,27,47,46,64,54,69,41,73,45,69,42,82
ElvisPresley0025.jpeg,57,47,36,51,53,49,63,48,41,50,31,52,54,45,67,43,40,46,27,49,45,65,58,70,41,72,48,69,49,79
ElvisPresley0026.jpeg,50,46,32,57,47,50,55,44,34,55,29,60,40,44,55,38,31,52,25,57,43,68,59,73,44,79,49,74,54,80
ElvisPresley0028.jpeg,37,53,20,54,33,55,43,54,22,53,17,54,27,49,44,50,19,49,15,49,20,68,31,78,23,77,23,74,24,83
ElvisPresley0030.jpeg,52,52,32,55,47,51,56,51,37,52,28,54,48,47,59,47,36,49,26,51,41,62,53,67,37,69,42,66,43,80
ElvisPresley0042.jpeg,49,54,29,56,44,52,53,53,32,54,24,55,40,50,56,48,28,51,21,52,35,71,47,77,34,78,39,75,40,82
ElvisPresley0054.jpeg,55,49,34,53,51,53,60,51,39,52,30,54,50,47,62,47,38,50,29,53,44,66,52,72,40,71,45,69,46,76
EmmaWatson0001.jpeg,50,45,32,55,45,50,55,42,33,54,28,59,40,46,52,38,30,52,22,52,43,67,57,70,45,74,48,71,53,75
EmmaWatson0003.jpeg,62,50,29,42,54,49,70,50,35,44,19,38,57,42,76,45,38,37,21,30,38,66,46,80,24,76,37,77,36,85
EmmaWatson0004.jpeg,57,45,29,47,50,46,64,41,36,47,22,47,50,41,65,35,36,41,24,42,45,63,55,71,38,73,46,71,48,78
EmmaWatson0005.jpeg,55,36,24,45,49,40,61,34,31,45,18,44,43,32,66,27,31,36,17,38,42,59,57,68,36,73,46,69,49,77
EmmaWatson0007.jpeg,59,52,38,51,55,53,63,53,42,54,31,52,56,48,66,47,42,47,31,47,50,66,55,73,41,74,50,74,51,77
EmmaWatson0008.jpeg,49,55,25,56,44,56,54,55,29,56,20,55,43,51,56,49,27,51,17,49,36,70,47,77,31,78,37,78,37,84
EmmaWatson0009.jpeg,65,52,38,48,58,52,70,51,44,48,33,48,61,47,72,47,47,46,31,43,53,67,58,75,42,75,49,75,49,81
EmmaWatson0010.jpeg,42,50,24,51,36,51,48,49,28,50,20,50,35,47,49,46,,,,,30,64,41,72,29,72,32,70,35,77
EmmaWatson0011.jpeg,75,38,50,32,72,40,84,38,56,36,43,31,79,33,90,33,62,33,37,21,68,61,70,71,51,71,63,70,63,76
EmmaWatson0012.jpeg,64,49,39,50,59,51,70,48,44,50,32,50,60,47,72,43,45,45,28,45,55,67,59,74,45,77,54,73,53,81
EmmaWatson0014.jpeg,71,52,46,49,66,51,75,52,53,49,40,48,70,47,80,46,55,45,38,42,63,67,64,76,50,77,60,75,58,81
EmmaWatson0015.jpeg,54,32,23,36,46,35,63,31,28,37,17,38,38,29,67,24,,,,,30,60,54,70,33,73,39,68,40,79
EmmaWatson0016.jpeg,54,46,29,45,46,47,59,47,31,45,22,45,43,39,61,40,29,39,20,36,30,61,44,74,27,74,32,71,33,78
EmmaWatson0020.jpeg,68,49,47,51,65,51,73,48,52,51,41,51,65,46,76,45,53,46,39,47,62,66,67,72,48,74,59,71,60,80
EmmaWatson0023.jpeg,50,48,28,45,42,50,54,49,30,46,22,44,40,40,59,44,29,39,21,38,32,61,42,74,26,73,33,70,33,77
GeorgeClooney0004.jpeg,63,35,40,36,57,36,68,35,46,36,34,38,55,30,70,31,49,27,30,34,51,52,59,63,38,59,50,64,47,71
GeorgeClooney0007.jpeg,53,42,29,50,47,43,58,42,34,47,23,52,43,41,59,36,31,44,21,47,38,64,57,68,36,73,44,71,44,76
GeorgeClooney0009.jpeg,52,44,34,44,48,45,56,45,39,44,30,45,48,41,63,39,40,42,28,38,42,54,49,65,34,64,41,60,39,70
GeorgeClooney0011.jpeg,54,38,25,42,47,39,60,37,30,42,19,42,46,34,61,32,32,32,14,40,41,59,51,71,33,73,42,70,43,73
GeorgeClooney0012.jpeg,55,37,33,39,51,36,58,36,39,39,28,41,51,33,63,32,38,35,27,37,46,53,57,58,36,61,46,58,46,65
GeorgeClooney0013.jpeg,61,50,37,51,58,51,67,51,43,51,32,51,56,48,69,50,44,47,29,49,51,68,59,77,42,78,50,78,50,82
GeorgeClooney0014.jpeg,62,43,34,43,56,44,68,41,42,43,29,44,55,39,74,36,41,37,23,40,50,62,61,69,38,72,48,71,49,78
GeorgeClooney0016.jpeg,70,47,47,48,65,47,74,45,52,46,42,49,64,42,76,41,52,42,36,50,63,61,70,62,50,68,61,65,62,79
GeorgeClooney0017.jpeg,55,33,29,33,47,32,61,34,34,31,23,36,49,27,67,27,33,28,18,33,35,43,51,62,25,61,34,61,32,69
GeorgeClooney0022.jpeg,59,41,35,45,54,43,64,43,40,44,28,47,53,39,66,39,41,39,24,45,49,59,60,67,39,69,47,68,50,74
GeorgeClooney0024.jpeg,55,37,36,39,50,39,60,39,40,37,32,39,52,33,65,35,38,31,28,34,47,50,37,68,46,49,59,59,47,64
GeorgeClooney0025.jpeg,53,44,37,43,49,43,57,43,41,43,32,44,47,38,60,39,42,38,29,42,43,54,53,66,37,65,45,64,45,72
GeorgeClooney0026.jpeg,60,39,43,39,57,39,62,37,45,39,38,40,57,34,67,34,48,33,33,38,56,49,62,60,48,63,56,61,57,66
GeorgeClooney0029.jpeg,50,47,27,49,45,48,54,48,31,50,22,48,42,45,59,45,31,44,21,44,35,67,48,72,30,73,36,73,37,80
GeorgeClooney0035.jpeg,44,44,22,42,39,43,50,44,26,42,18,45,36,41,55,44,28,40,16,40,29,59,40,70,23,71,30,69,30,75
HillaryClinton0006.jpeg,59,47,31,47,55,48,67,48,39,46,25,46,,,,,37,42,26,42,49,59,57,71,39,71,48,68,48,78
HillaryClinton0007.jpeg,59,38,42,43,53,39,60,35,45,42,36,45,54,36,62,32,44,40,33,41,55,51,60,55,45,60,54,57,55,67
HillaryClinton0009.jpeg,64,37,45,38,60,35,73,37,54,35,39,35,59,27,74,27,53,28,39,23,62,56,69,76,47,75,60,69,61,81
HillaryClinton0010.jpeg,57,46,42,47,54,46,62,47,48,46,37,46,54,39,66,44,49,39,37,41,52,59,58,69,41,70,51,65,52,80
HillaryClinton0011.jpeg,54,41,29,39,51,42,68,42,41,37,25,37,55,29,71,33,43,26,26,27,47,57,70,63,21,58,46,68,43,76
HillaryClinton0013.jpeg,48,56,28,59,45,56,53,55,32,59,24,60,42,51,56,50,32,52,20,54,38,70,43,78,33,79,37,78,37,83
HillaryClinton0014.jpeg,54,35,35,36,50,37,60,37,40,37,30,36,49,31,61,33,40,33,28,34,45,50,60,58,31,58,45,57,46,74
HillaryClinton0016.jpeg,61,46,34,50,57,45,68,43,40,50,28,53,55,41,70,38,41,43,24,47,52,65,64,69,37,75,51,70,52,85
HillaryClinton0018.jpeg,52,47,31,53,45,52,59,46,36,53,26,57,43,43,60,36,34,47,23,46,39,67,50,76,37,80,40,71,41,83
HillaryClinton0019.jpeg,48,40,28,40,44,41,53,40,32,39,23,38,42,31,54,33,33,30,21,32,36,50,47,65,28,65,34,56,35,79
HillaryClinton0020.jpeg,57,44,42,44,54,43,65,44,49,43,37,43,52,37,64,36,49,37,37,35,55,57,60,71,44,71,53,67,54,75
HillaryClinton0023.jpeg,51,32,41,30,48,30,56,32,45,28,37,30,52,21,62,28,46,17,31,24,64,42,43,64,31,58,42,59,37,66
HillaryClinton0030.jpeg,55,37,34,38,49,35,61,36,38,36,27,38,50,18,70,22,38,25,24,34,47,59,57,71,46,72,51,68,51,73
HillaryClinton0031.jpeg,57,45,33,44,51,44,64,46,39,44,27,45,50,38,64,40,39,39,27,38,45,56,58,67,37,67,46,64,46,72
HillaryClinton0037.jpeg,59,57,37,56,54,56,65,57,42,55,32,55,55,52,67,51,41,50,29,50,50,70,53,81,44,81,48,79,48,83
HughJackman0002.jpeg,58,41,28,41,52,41,63,42,36,42,23,41,50,36,66,36,39,37,24,38,46,60,54,71,37,71,45,68,45,74
HughJackman0003.jpeg,54,56,34,52,51,56,60,55,39,53,30,51,52,52,62,51,38,50,28,48,42,70,49,76,34,74,41,75,41,78
HughJackman0004.jpeg,50,17,26,36,46,21,55,14,31,35,21,39,40,23,55,4,30,32,17,35,43,61,59,66,46,74,51,71,55,77
HughJackman0005.jpeg,55,43,34,42,50,42,59,43,38,42,30,43,52,38,61,40,39,38,28,41,45,54,52,64,39,64,45,63,45,68
HughJackman0006.jpeg,56,49,33,52,50,50,59,49,37,52,28,52,48,47,62,45,36,47,23,51,44,67,54,73,37,73,44,72,44,76
HughJackman0007.jpeg,64,39,34,38,57,38,69,38,39,37,27,38,56,36,70,34,38,36,26,35,50,58,62,68,37,68,50,64,50,79
HughJackman0008.jpeg,67,54,44,50,62,54,70,55,50,50,39,51,64,50,72,51,54,46,39,47,60,68,61,78,49,76,56,76,56,80
HughJackman0011.jpeg,63,25,29,29,57,27,68,24,38,29,25,29,53,21,73,23,36,23,20,26,46,54,58,64,37,64,48,64,47,70
HughJackman0015.jpeg,60,46,41,46,58,45,64,47,45,46,35,45,57,43,67,42,45,42,34,41,52,58,57,65,40,64,50,63,51,69
HughJackman0018.jpeg,65,42,38,45,59,45,68,43,44,45,35,46,59,40,71,40,45,41,32,42,52,64,60,71,42,72,52,71,52,75
HughJackman0021.jpeg,54,48,34,49,49,47,59,48,39,49,30,49,49,47,60,45,39,46,26,47,45,64,50,71,37,70,44,68,44,73
HughJackman0027.jpeg,62,45,35,40,55,44,64,46,40,41,29,40,59,39,69,41,45,36,27,35,50,63,55,74,37,72,47,71,47,77
HughJackman0035.jpeg,63,30,37,27,56,30,68,32,45,27,33,28,54,24,68,26,43,23,28,28,51,40,59,53,38,53,48,48,49,56
HughJackman0036.jpeg,56,29,28,46,48,37,60,27,32,44,20,51,41,37,59,20,29,44,14,46,44,73,72,74,54,85,60,81,66,85
HughJackman0039.jpeg,53,44,31,50,48,45,56,44,34,49,27,51,45,44,57,37,37,47,25,50,46,60,55,67,40,72,45,68,47,73
IndiraGandhi0007.jpeg,53,45,30,49,47,48,57,45,37,49,25,49,47,41,58,40,34,43,25,47,45,60,51,70,40,72,45,69,46,73
IndiraGandhi0009.jpeg,59,51,36,53,52,54,63,51,41,54,32,54,51,46,65,48,40,46,28,51,47,62,55,77,39,76,47,73,46,78
IndiraGandhi0011.jpeg,46,51,38,52,44,51,49,50,40,51,36,51,44,46,49,46,39,46,35,48,37,69,53,59,45,68,49,63,50,64
IndiraGandhi0013.jpeg,61,48,38,41,56,45,65,48,44,42,34,40,58,40,67,41,45,37,36,35,51,55,53,66,39,62,47,61,45,67
IndiraGandhi0014.jpeg,72,53,52,53,64,53,74,52,56,51,44,53,65,47,73,45,56,47,44,45,64,68,68,76,52,74,61,73,62,78
IndiraGandhi0015.jpeg,63,51,39,51,57,51,68,51,45,50,32,50,56,47,68,46,46,46,34,47,52,68,59,75,41,75,52,74,52,80
IndiraGandhi0017.jpeg,67,49,44,54,59,51,72,49,48,52,35,54,56,46,73,46,48,47,32,50,57,66,67,68,46,72,57,70,59,77
IndiraGandhi0018.jpeg,74,52,56,52,68,52,77,50,60,52,50,51,67,48,77,45,62,46,46,45,67,71,65,74,52,73,60,72,60,79
IndiraGandhi0019.jpeg,67,49,46,52,61,52,69,48,51,52,40,52,63,44,69,44,50,44,38,50,62,67,63,69,47,71,55,68,56,77
IndiraGandhi0020.jpeg,51,42,33,42,47,42,56,43,37,42,30,40,47,36,55,37,37,38,30,37,42,56,51,62,35,62,42,61,42,70
IndiraGandhi0021.jpeg,51,54,33,55,46,55,58,55,39,56,27,57,45,49,60,53,38,50,27,55,42,72,55,74,37,76,44,74,45,79
IndiraGandhi0023.jpeg,51,47,30,48,48,47,57,46,36,46,26,48,47,41,57,43,35,42,27,42,40,61,51,69,33,69,42,67,42,71
IndiraGandhi0025.jpeg,58,46,41,46,54,47,61,47,44,45,36,46,54,41,64,44,44,40,34,44,48,66,57,68,37,67,47,68,47,78
IndiraGandhi0026.jpeg,56,52,35,52,53,51,61,52,39,52,30,52,51,48,61,49,39,49,28,50,45,68,59,70,39,75,47,72,49,79
IndiraGandhi0027.jpeg,69,54,51,55,63,54,71,54,53,54,43,54,63,49,70,47,53,47,43,48,64,68,67,75,55,74,61,73,61,78
JackieChan0002.jpeg,66,35,35,35,58,36,72,34,40,34,27,34,56,28,71,25,44,29,25,28,46,56,56,69,39,70,46,66,47,76
JackieChan0003.jpeg,60,58,40,58,56,58,62,57,45,57,37,60,55,49,68,52,43,48,34,54,52,73,59,76,44,78,52,77,52,83
JackieChan0004.jpeg,54,56,32,56,49,56,60,56,37,56,28,56,50,50,61,51,35,54,26,54,43,73,55,78,35,79,45,78,45,87
JackieChan0005.jpeg,55,51,35,55,50,52,60,51,39,56,31,58,49,46,63,46,36,50,26,55,46,69,60,72,42,76,50,74,51,80
JackieChan0007.jpeg,59,52,37,53,55,51,64,53,42,52,31,53,53,48,65,44,44,48,33,44,51,67,56,72,43,72,50,71,49,78
JackieChan0009.jpeg,76,44,56,52,74,45,81,43,63,50,51,53,76,37,82,34,60,41,47,46,79,65,81,70,62,76,74,72,74,81
JackieChan0010.jpeg,60,47,41,50,53,48,62,46,45,50,37,52,52,45,65,42,43,45,35,48,57,64,63,71,51,74,57,70,60,79
JackieChan0012.jpeg,72,26,37,29,62,27,79,27,43,29,24,29,57,16,77,9,36,19,22,20,51,58,62,76,40,77,49,75,52,83
JackieChan0013.jpeg,56,32,26,38,49,34,64,30,32,37,18,39,46,24,65,19,26,30,18,32,38,55,58,64,32,69,43,64,45,73
JackieChan0014.jpeg,62,49,38,52,55,50,66,50,43,52,29,54,57,45,69,41,40,47,29,44,54,71,63,77,46,79,55,78,56,83
JackieChan0015.jpeg,53,49,34,49,48,49,58,50,36,48,29,51,45,43,59,40,32,42,22,41,39,65,55,68,36,72,45,68,43,77
JackieChan0018.jpeg,64,41,43,41,60,41,69,42,47,40,38,43,61,36,71,34,48,34,37,33,56,57,61,68,49,67,56,65,56,72
JackieChan0021.jpeg,63,42,43,43,59,43,68,44,47,42,38,45,57,38,67,36,48,38,37,35,55,57,60,66,47,67,53,63,53,71
JackieChan0036.jpeg,69,38,40,39,65,39,77,39,46,40,33,39,64,33,76,31,47,33,35,31,59,62,67,73,47,74,58,71,57,78
JackieChan0046.jpeg,62,45,36,49,57,46,63,46,41,48,32,48,56,39,64,37,41,42,29,45,51,65,57,75,43,76,49,71,51,77
JawaharlalNehru0002.jpeg,48,42,25,43,41,43,51,41,29,42,19,43,42,37,53,37,28,37,20,37,27,58,44,65,28,67,32,63,31,75
JawaharlalNehru0003.jpeg,72,42,55,38,70,43,76,43,60,39,49,38,72,38,77,39,60,35,49,36,68,56,67,65,54,63,62,63,60,67
JawaharlalNehru0004.jpeg,40,42,20,46,34,42,44,41,24,44,17,45,33,35,45,38,23,40,17,40,25,56,39,63,22,65,27,62,28,69
JawaharlalNehru0006.jpeg,75,47,56,46,71,46,78,47,61,45,50,44,71,41,79,42,67,41,51,42,72,62,70,73,53,70,65,70,62,78
JawaharlalNehru0008.jpeg,73,46,52,44,70,47,77,47,58,45,45,44,71,41,77,41,60,39,44,40,71,63,72,71,55,72,67,71,65,80
JawaharlalNehru0011.jpeg,44,44,23,46,37,44,49,43,26,46,19,47,37,37,49,38,25,39,16,43,27,60,43,66,26,69,30,66,31,75
JawaharlalNehru0012.jpeg,48,48,25,48,44,48,55,47,31,47,23,47,42,42,55,45,30,43,22,43,33,65,46,71,32,71,36,72,38,80
JawaharlalNehru0013.jpeg,68,42,44,45,65,44,73,42,51,46,38,47,63,41,73,38,51,41,36,43,63,59,67,66,51,69,63,66,62,75
JawaharlalNehru0014.jpeg,43,47,21,47,38,47,48,48,26,46,19,46,35,42,51,43,25,42,19,40,27,60,39,72,24,68,29,69,29,76
JawaharlalNehru0015.jpeg,68,44,52,42,66,43,71,44,56,42,45,42,67,39,73,40,56,37,45,37,64,57,65,65,51,64,60,65,57,73
JawaharlalNehru0016.jpeg,64,49,42,47,60,48,68,49,46,47,38,45,60,42,70,44,48,40,36,43,56,62,59,71,42,70,52,70,51,77
JawaharlalNehru0017.jpeg,47,47,26,48,41,47,53,46,29,48,21,47,41,41,51,41,32,45,23,42,32,62,40,73,29,73,35,72,33,77
JawaharlalNehru0018.jpeg,72,45,54,43,69,45,75,45,57,41,45,43,69,39,77,39,60,37,44,38,68,59,67,71,52,69,62,68,60,74
JawaharlalNehru0020.jpeg,70,47,46,47,67,47,75,47,51,47,41,47,67,44,78,43,56,42,43,43,62,65,69,76,51,75,60,75,58,82
JawaharlalNehru0021.jpeg,70,47,55,43,68,45,74,45,58,42,48,42,69,40,75,42,62,39,48,39,67,58,67,69,53,67,63,67,60,73
Jay-Z0003.jpeg,48,43,29,45,43,43,53,43,32,44,23,43,42,38,54,36,30,37,21,39,36,55,47,66,30,70,37,63,38,78
Jay-Z0004.jpeg,59,31,30,35,53,33,64,32,36,35,27,37,48,27,69,27,34,25,27,28,33,47,48,64,28,66,36,55,35,69
Jay-Z0005.jpeg,57,46,35,49,52,47,60,44,39,48,32,48,32,44,52,42,43,60,40,43,60,40,39,71,44,60,51,70,45,69
Jay-Z0007.jpeg,57,27,31,30,53,27,64,27,35,28,27,30,51,22,61,16,36,23,27,20,43,38,63,57,33,62,45,50,49,78
Jay-Z0008.jpeg,60,39,38,38,55,38,63,38,43,38,35,38,52,33,64,31,,,,,52,46,59,71,43,73,52,63,52,84
Jay-Z0009.jpeg,53,54,35,49,50,52,56,54,37,49,31,47,47,48,61,51,37,47,30,45,39,61,50,75,31,69,38,67,37,79
Jay-Z0010.jpeg,66,43,50,46,63,44,69,44,51,46,45,48,62,37,69,37,53,36,43,41,60,56,71,71,54,73,63,67,63,80
Jay-Z0013.jpeg,58,30,41,37,56,31,60,29,44,34,37,38,55,27,62,22,45,30,32,37,61,50,71,69,54,75,62,60,67,81
Jay-Z0020.jpeg,48,38,28,42,41,41,54,37,32,42,22,43,40,38,53,32,31,38,21,38,36,54,48,67,30,68,37,62,38,74
Jay-Z0021.jpeg,53,38,34,38,49,37,58,37,39,37,31,37,49,26,59,28,36,26,29,27,40,51,52,71,29,70,39,64,38,81
Jay-Z0023.jpeg,67,49,46,61,63,53,72,46,50,59,43,64,66,38,73,35,50,54,37,60,64,70,74,75,56,84,65,77,69,86
Jay-Z0025.jpeg,46,52,26,51,43,50,55,52,32,50,24,49,43,47,57,48,31,44,24,43,31,61,42,72,26,73,32,70,32,81
Jay-Z0026.jpeg,49,34,20,28,44,35,55,37,25,30,15,27,46,26,60,30,29,21,15,20,30,47,40,69,15,67,28,60,26,79
Jay-Z0027.jpeg,56,41,38,39,50,39,61,39,41,40,32,36,52,36,64,34,41,35,30,32,44,52,48,82,32,80,40,75,38,89
Jay-Z0030.jpeg,57,51,35,47,51,50,60,49,39,47,31,45,55,44,63,47,40,42,28,41,44,63,50,75,32,73,41,71,40,79
JohnFKennedy0061.jpeg,65,50,42,51,59,50,71,53,47,51,32,54,58,47,70,47,49,49,32,51,55,63,61,73,40,73,54,75,54,79
VladimirPutin0090.jpeg,58,45,43,45,54,47,62,46,49,45,38,45,55,45,63,44,50,41,33,42,51,58,54,66,39,63,47,64,47,67
VladimirPutin0010.jpeg,55,46,41,47,50,45,58,46,46,46,37,46,50,42,59,43,45,43,38,45,48,56,55,61,41,59,48,59,49,64
UsainBolt0048.jpeg,57,31,37,42,50,34,61,32,44,39,30,45,46,31,60,29,40,33,29,45,53,42,66,51,52,58,59,49,65,54
TigerWoods0015.jpeg,54,42,32,43,49,45,62,44,36,44,,,46,39,60,37,38,40,,,39,55,57,68,33,69,43,65,42,76
JimCarrey0050.jpeg,56,54,36,49,52,52,61,56,41,50,33,48,53,51,66,54,41,48,29,43,42,68,51,74,32,69,41,73,40,77
VladimirPutin0155.jpeg,49,42,31,46,45,44,54,43,36,45,30,46,43,41,53,35,37,41,27,43,43,61,50,68,41,69,45,68,45,69
JohnLennon0107.jpeg,68,47,42,46,64,45,74,46,48,47,39,48,60,41,76,43,50,43,38,42,56,67,65,77,48,77,59,76,59,79
TaylorSwift0052.jpeg,55,55,34,51,50,56,60,55,39,54,31,50,,,,,,,,,41,68,49,75,37,73,42,73,43,78
SylvesterStallone0073.jpeg,61,52,42,52,55,51,65,53,47,52,37,52,57,45,66,46,47,44,34,46,52,65,56,76,44,75,49,74,49,79
JohnLennon0083.jpeg,59,52,37,52,55,49,64,52,41,52,33,51,52,49,69,52,43,49,29,49,50,70,56,79,41,79,49,78,49,81
JohnnyDepp0074.jpeg,53,54,32,54,46,54,58,53,37,54,30,54,,,,,,,,,43,67,52,72,38,72,44,71,45,74
JohnFKennedy0001.jpeg,55,52,46,53,51,51,58,52,48,50,42,53,,,,,,,,,47,58,55,65,41,63,48,58,48,70
TigerWoods0001.jpeg,59,43,41,50,51,43,,,,,32,50,47,33,62,33,46,41,30,47,53,47,83,56,38,75,63,50,69,61
SteveJobs0100.jpeg,56,48,33,48,51,47,61,48,38,48,28,48,50,45,61,44,39,46,24,43,45,63,56,70,34,70,46,72,46,75
VladimirPutin0060.jpeg,56,53,42,54,53,53,61,51,45,54,36,54,52,51,62,49,45,48,36,53,51,76,61,83,43,84,51,83,52,85
TomCruise0074.jpeg,,,61,42,,,,,66,39,55,44,,,,,66,37,55,40,76,47,,,63,64,74,55,74,68
StephenHawking0010.jpeg,53,28,34,46,48,30,58,28,38,48,30,49,,,,,36,35,24,42,45,56,67,44,28,63,46,63,50,76
StephenHawking0017.jpeg,43,44,23,54,38,46,49,45,26,52,22,57,32,40,49,39,27,44,16,48,29,64,51,70,26,77,33,70,34,72
TomCruise0022.jpeg,63,51,44,51,60,51,67,53,47,50,39,51,59,49,,,47,48,36,46,52,66,57,74,42,73,51,71,52,75
Shakira0005.jpeg,,,38,34,,,,,45,35,31,33,,,,,47,27,30,25,51,54,57,67,38,64,49,65,49,69
TomCruise0051.jpeg,56,51,36,53,50,51,61,51,41,52,29,53,52,48,66,46,41,49,29,50,48,67,58,74,42,76,49,74,50,80
UsainBolt0057.jpeg,24,38,,,18,41,34,39,,,,,21,33,33,28,,,,,16,52,36,57,,,21,57,29,71
SylvesterStallone0026.jpeg,60,48,37,50,54,48,61,48,42,50,33,51,53,44,64,43,41,47,29,48,50,62,60,72,42,75,51,71,51,74
TomCruise0004.jpeg,65,49,43,50,61,49,70,51,48,50,37,51,60,48,71,45,49,49,34,48,56,63,63,73,43,73,55,71,54,76
JimCarrey0007.jpeg,41,45,22,45,35,45,45,47,27,47,19,46,35,38,45,40,22,39,17,36,27,60,42,69,24,68,29,66,32,81
JimCarrey0045.jpeg,60,48,35,48,54,48,67,48,40,49,29,49,52,43,69,45,39,41,25,43,46,68,57,78,37,77,47,76,46,80
UsainBolt0071.jpeg,66,41,34,42,58,43,73,42,42,45,29,45,60,33,73,30,42,35,24,35,51,59,63,72,38,74,53,68,52,79
VladimirPutin0094.jpeg,61,42,42,42,57,43,67,44,47,40,36,41,58,35,69,34,48,33,37,34,53,56,58,68,41,65,51,65,51,71
JohnLennon0127.jpg,58,52,35,52,53,51,61,53,40,51,33,51,51,47,63,48,43,48,29,46,48,70,53,77,38,76,46,76,46,79
StephenHawking0007.jpeg,64,41,44,45,59,40,67,40,48,45,38,46,57,37,67,37,50,41,35,43,60,59,68,62,48,69,60,61,63,70
StephenHawking0034.jpeg,75,43,55,52,72,44,79,41,60,49,51,54,69,36,77,31,58,41,44,47,74,62,81,65,61,73,75,66,79,74
JohnFKennedy0017.jpeg,57,39,34,47,51,41,63,38,41,42,29,50,48,39,60,34,42,41,28,47,48,53,62,63,40,69,50,63,53,67
JohnnyDepp0142.jpeg,69,44,43,44,63,44,75,45,47,45,32,45,62,40,,,48,39,31,37,56,63,62,75,45,75,54,75,54,78
JKRowling0003.jpeg,72,54,56,52,68,54,74,56,58,52,52,52,67,44,76,46,64,45,54,43,66,68,,,55,75,61,75,61,78
SylvesterStallone0076.jpeg,56,33,30,32,48,34,63,35,35,33,23,34,47,28,63,28,37,27,23,27,42,56,47,65,34,67,40,62,37,76
WinstonChurchill0033.jpeg,55,52,29,54,48,52,63,53,33,55,22,55,42,50,62,46,36,49,22,47,40,69,53,78,32,77,39,75,40,79
UsainBolt0052.jpeg,58,29,35,43,50,33,62,31,38,41,30,48,45,30,55,21,37,35,23,41,52,43,68,51,46,64,56,52,65,59
StephenHawking0032.jpeg,61,45,39,46,56,45,64,46,44,46,33,48,,,,,,,,,50,59,60,69,39,66,50,68,50,73
SteveJobs0083.jpeg,58,32,43,32,54,33,61,33,48,32,38,34,56,27,64,27,48,30,35,29,63,60,69,63,44,64,61,65,63,70
JohnLennon0036.jpeg,56,54,38,52,53,54,61,54,41,52,33,53,52,50,62,49,43,50,33,48,47,71,51,77,39,77,47,76,46,78
JKRowling0010.jpeg,63,48,39,50,59,48,67,47,44,50,33,51,57,42,64,40,46,44,31,45,55,66,64,71,44,74,55,72,56,76
UsainBolt0045.jpeg,,,,,,,,,,,,,,,,,,,,,61,79,,,,,57,83,54,85
JKRowling0001.jpeg,52,40,31,41,47,41,58,41,35,41,28,41,44,33,56,32,35,32,28,32,36,62,53,67,32,68,38,67,38,71
Shakira0072.jpeg,62,53,40,39,57,51,67,57,46,45,37,36,60,49,71,54,50,41,38,32,44,62,43,74,31,66,38,70,36,75
JimCarrey0065.jpeg,56,45,35,45,53,45,63,45,40,45,31,47,51,39,67,41,42,40,26,44,46,58,56,73,37,74,45,65,48,87
JohnLennon0060.jpeg,60,52,36,54,55,51,64,51,41,53,32,52,53,48,67,47,45,48,29,48,51,72,56,79,40,79,48,77,48,78
WinstonChurchill0016.jpeg,52,41,32,44,45,43,57,42,36,44,27,44,40,41,58,35,33,41,22,39,41,52,55,64,30,66,40,58,40,66
WinstonChurchill0030.jpeg,66,39,33,40,58,40,74,39,41,40,25,39,57,33,71,27,42,35,22,33,51,67,64,79,31,77,51,76,51,79
SylvesterStallone0086.jpeg,67,40,51,33,64,38,69,42,55,34,46,30,65,32,74,39,59,31,,,54,47,51,64,35,56,45,57,43,60
JimCarrey0032.jpeg,49,52,26,49,44,52,53,53,31,50,22,49,44,46,61,52,32,45,19,44,30,65,48,77,23,72,31,72,31,77
UsainBolt0008.jpeg,65,31,39,44,57,33,67,29,46,41,32,48,52,25,62,23,42,35,29,40,59,44,75,52,54,65,62,53,68,62
WinstonChurchill0029.jpeg,50,54,27,55,43,54,55,55,32,54,23,56,37,48,56,48,30,48,22,45,39,69,51,78,30,77,39,76,39,80
SteveJobs0109.jpeg,57,41,28,39,51,40,61,41,35,41,22,40,48,36,66,32,35,35,22,34,42,57,56,68,27,69,43,68,43,72
StephenHawking0027.jpeg,47,41,,,50,40,43,38,,,,,41,32,56,36,33,34,,,25,53,43,67,,,25,64,9,71
TomCruise0019.jpeg,68,26,38,30,62,26,76,27,48,27,30,30,60,18,80,22,48,19,25,23,55,56,66,69,40,70,55,64,54,73
StephenHawking0001.jpeg,66,39,50,52,61,42,70,37,54,49,42,54,56,35,63,30,46,42,38,46,67,54,78,58,68,68,71,60,75,61
TigerWoods0022.jpeg,61,49,40,48,56,50,66,48,46,48,37,49,60,43,70,47,47,44,34,45,51,62,64,67,36,69,51,68,52,77
WinstonChurchill0006.jpeg,58,40,35,35,52,39,61,46,42,36,32,36,52,34,66,38,42,33,33,29,41,48,50,66,27,55,40,57,37,66
WinstonChurchill0001.jpeg,59,51,39,54,54,51,65,51,45,52,30,56,51,42,63,37,43,43,32,46,53,70,68,80,39,86,53,91,53,91
JohnLennon0047.jpeg,65,46,45,48,62,47,69,46,50,48,42,49,60,41,70,41,51,44,36,45,59,63,64,71,51,73,58,71,59,73
JohnLennon0039.jpeg,61,53,38,53,55,53,64,54,41,52,32,51,53,49,67,50,43,49,33,47,49,72,56,79,39,79,50,79,50,81
SteveJobs0049.jpeg,62,44,37,43,58,44,66,44,41,44,33,44,55,40,70,41,45,40,33,36,53,60,63,69,37,66,51,68,51,71
TomCruise0069.jpeg,,,,,32,41,55,47,,,,,33,35,56,38,27,35,,,17,62,55,69,,,30,70,37,80
JohnnyDepp0038.jpeg,65,48,43,50,58,51,70,46,49,51,36,52,,,,,,,,,58,59,67,73,53,74,59,72,60,75
JohnnyDepp0255.jpeg,61,48,36,51,65,48,56,49,43,50,30,51,56,45,66,44,41,46,30,44,52,66,58,75,45,77,52,75,52,79
JKRowling0009.jpeg,49,35,33,35,45,35,53,34,36,35,29,35,44,32,50,29,36,32,30,30,39,56,49,59,30,59,38,59,37,62
UsainBolt0033.jpeg,,,61,46,,,,,68,46,56,46,,,,,73,42,53,38,80,55,,,63,64,72,66,72,69
StephenHawking0036.jpeg,71,51,46,33,65,44,84,56,58,38,39,28,,,,,,,,,61,67,74,83,21,50,55,69,,
Shakira0013.jpeg,61,51,37,50,54,51,66,52,44,52,32,51,55,47,68,52,46,51,26,47,50,69,57,77,36,77,49,76,49,81
TigerWoods0031.jpeg,55,29,40,27,50,28,58,28,44,30,33,28,50,26,60,26,45,27,33,26,51,42,66,49,32,51,49,49,48,62
JKRowling0008.jpeg,65,51,43,49,60,51,71,51,50,50,37,50,61,46,71,46,52,44,43,44,57,66,60,72,39,69,55,71,55,73
TigerWoods0038.jpeg,56,26,45,26,51,26,57,26,47,26,42,25,51,25,57,24,47,24,40,25,50,33,79,39,17,43,49,43,51,70
UsainBolt0067.jpeg,61,34,44,31,66,37,59,30,47,32,40,32,59,26,68,34,50,27,40,28,47,41,50,57,39,55,46,51,43,59
JimCarrey0077.jpeg,55,34,43,34,52,34,58,34,47,33,37,34,52,28,63,31,48,29,35,32,48,51,67,67,32,66,49,63,49,74
TaylorSwift0010.jpeg,71,53,44,50,65,53,,,53,54,40,49,66,51,,,54,49,38,45,60,68,65,77,47,74,58,75,58,80
SylvesterStallone0062.jpeg,52,41,30,43,48,41,58,41,37,41,27,43,46,35,,,37,39,25,38,44,51,56,67,32,69,44,61,45,64
WinstonChurchill0011.jpeg,37,56,13,58,31,55,41,58,17,56,10,60,26,53,49,55,19,54,7,53,21,65,33,76,12,74,21,72,21,75
JKRowling0011.jpeg,59,44,42,43,55,44,63,45,45,44,39,44,54,41,63,41,48,40,39,38,50,61,57,68,43,68,50,67,50,70
JohnnyDepp0235.jpeg,51,35,28,47,46,36,58,31,34,44,25,50,42,33,59,27,34,37,,,49,57,60,63,47,69,52,65,55,70
StephenHawking0025.jpeg,42,38,19,44,36,39,49,37,23,43,15,48,29,33,53,29,22,37,12,37,17,57,49,66,16,74,25,65,26,70
JohnLennon0101.jpeg,59,54,35,53,55,52,64,53,42,53,31,53,52,47,66,48,44,47,29,51,49,70,56,79,42,80,49,77,49,81
JKRowling0005.jpeg,61,65,44,63,58,65,66,64,48,64,40,63,55,60,63,57,49,57,,,53,77,58,81,43,82,51,81,51,86
JohnnyDepp0168.jpeg,58,34,32,33,53,33,66,34,40,36,25,34,52,28,70,31,40,31,23,30,44,52,51,66,37,66,44,64,44,68
StephenHawking0040.jpeg,63,46,35,48,58,45,67,47,41,47,31,50,54,40,71,38,44,40,29,42,52,66,65,75,40,76,52,72,52,76
Shakira0080.jpeg,59,45,36,46,54,46,,,42,47,31,45,57,40,,,40,42,31,42,49,60,56,68,43,69,49,67,49,71
JohnnyDepp0182.jpeg,61,55,40,54,57,56,67,59,45,53,36,53,57,51,68,52,47,48,32,46,50,68,53,80,36,77,49,75,49,78
VladimirPutin0014.jpeg,58,44,38,44,50,43,62,45,42,45,36,45,46,43,62,42,43,39,31,44,47,67,57,73,38,73,46,73,46,75
SteveJobs0017.jpeg,54,40,32,47,50,43,60,39,37,47,28,50,48,43,59,32,36,45,26,46,53,61,65,57,46,67,,,56,66
Shakira0026.jpeg,59,43,29,42,53,45,70,46,38,43,24,42,54,36,66,33,35,36,23,34,46,62,55,74,35,74,45,72,45,76
Shakira0073.jpeg,66,44,33,45,57,45,71,44,42,46,26,43,59,40,73,36,44,40,26,37,51,64,60,76,40,75,51,73,51,80
VladimirPutin0046.jpeg,53,50,39,40,50,45,57,52,46,42,36,37,50,43,58,50,46,41,37,37,38,65,42,71,22,60,32,71,30,72
TigerWoods0034.jpeg,55,52,35,54,50,53,59,53,40,55,31,55,50,49,,,39,48,,,46,67,53,79,38,77,45,77,46,80
JohnFKennedy0050.jpeg,55,51,30,52,50,50,62,53,37,51,25,54,48,50,62,47,40,49,25,49,42,65,55,75,34,76,44,73,45,79
SylvesterStallone0031.jpeg,59,33,43,35,56,33,63,34,47,33,38,34,54,26,62,24,46,24,33,29,52,45,60,56,44,53,52,48,52,57
Shakira0052.jpeg,59,56,34,56,56,56,64,56,40,57,29,56,53,52,67,52,42,52,28,50,46,71,51,79,41,79,47,77,47,81
SteveJobs0075.jpeg,,,52,41,,,,,56,40,46,44,61,40,,,57,37,49,39,68,62,,,45,59,56,62,56,67
UsainBolt0013.jpeg,55,38,28,37,45,38,63,36,35,37,19,37,47,26,58,30,33,27,20,27,38,51,58,51,22,56,38,57,34,78
JohnLennon0122.jpeg,60,47,37,46,54,46,65,48,43,48,32,48,52,41,67,44,44,41,31,41,50,65,58,71,39,71,49,70,49,73
UsainBolt0029.jpeg,57,35,40,40,53,36,61,33,45,40,35,44,53,33,61,28,42,32,33,41,52,45,65,53,50,58,57,53,59,57
SteveJobs0096.jpeg,70,51,54,52,67,51,73,52,59,52,47,54,68,45,72,44,59,47,47,44,67,75,,,49,71,64,77,63,87
JohnFKennedy0033.jpeg,35,46,,,31,45,39,48,24,43,,,31,39,41,45,24,39,,,12,67,35,70,,,20,67,20,68
SteveJobs0071.jpeg,51,53,38,56,47,55,53,54,,,35,56,45,51,,,41,54,31,52,38,77,53,69,,,,,39,80
TomCruise0049.jpeg,60,48,36,48,52,49,67,48,41,48,30,50,53,46,69,43,42,45,27,46,48,66,58,76,39,77,49,75,49,78
VladimirPutin0158.jpeg,76,54,,,69,56,78,54,58,54,44,54,69,50,82,50,64,50,46,46,68,74,66,79,42,79,61,77,59,81
UsainBolt0012.jpeg,59,63,45,46,54,57,61,65,48,52,41,40,58,57,64,64,51,49,39,39,42,64,38,71,31,59,38,66,33,72
WinstonChurchill0003.jpeg,58,61,31,58,50,58,64,59,35,58,26,57,46,57,64,55,37,56,27,54,39,69,49,78,33,76,40,76,40,81
StephenHawking0039.jpeg,63,43,36,61,56,48,72,42,41,57,28,64,52,42,66,34,39,51,23,59,58,64,74,65,43,84,59,72,60,75
SylvesterStallone0083.jpeg,61,29,44,27,58,28,66,35,48,27,,,56,22,69,31,49,24,40,23,49,33,48,48,31,46,42,43,33,51
SteveJobs0112.jpeg,40,51,29,50,37,50,47,53,,,28,51,36,48,50,48,32,48,25,46,17,76,44,67,19,68,,,24,78
JohnLennon0118.jpeg,62,38,36,38,57,36,66,36,40,36,32,39,54,30,64,27,42,30,31,32,51,56,,,42,68,51,64,51,66
SteveJobs0065.jpeg,,,55,41,,,,,60,40,48,44,65,35,,,60,37,49,41,77,53,,,53,62,70,56,72,59
JohnnyDepp0006.jpeg,54,50,33,49,48,50,58,50,38,49,29,48,47,46,60,46,39,45,29,41,42,63,49,71,36,69,42,70,42,73
TigerWoods0012.jpeg,49,43,35,42,44,43,52,43,37,43,32,43,45,41,,,39,44,32,38,39,50,54,63,,,35,54,40,75
JohnFKennedy0023.jpeg,59,52,37,53,54,53,65,53,43,51,31,52,53,49,67,50,45,50,32,49,45,64,58,77,39,77,47,75,47,78
WinstonChurchill0015.jpeg,50,54,26,56,43,54,54,55,32,55,21,55,37,50,57,49,33,52,22,48,37,71,51,79,28,76,37,77,38,80
SylvesterStallone0009.jpeg,67,38,36,39,61,40,73,41,44,39,29,39,58,34,,,46,35,25,36,53,59,,,38,73,51,72,51,78
VladimirPutin0152.jpeg,49,39,35,36,46,37,55,41,40,36,29,38,47,33,54,37,43,31,30,35,35,62,41,69,29,67,36,68,36,68
TigerWoods0027.jpeg,58,45,43,48,53,47,63,43,48,49,38,49,53,42,62,39,46,43,,,59,64,74,70,41,78,62,73,65,83
TaylorSwift0003.jpeg,66,37,29,34,58,41,73,41,41,38,21,32,,,,,40,32,18,29,45,63,58,78,30,72,45,72,44,78
TigerWoods0009.jpeg,60,47,37,48,57,47,64,47,42,48,33,48,55,45,65,40,43,47,33,40,50,65,63,80,36,83,50,80,50,86
TaylorSwift0007.jpeg,58,55,37,56,54,57,,,42,57,32,55,,,,,41,52,30,52,48,69,56,75,39,76,47,76,48,81
SteveJobs0085.jpeg,63,34,27,37,56,35,71,35,34,37,21,39,53,30,69,24,33,31,12,27,51,63,,,,,,,,
Shakira0012.jpeg,46,52,28,41,42,49,50,53,32,45,25,40,39,45,54,52,34,42,28,34,27,61,38,70,22,61,26,65,25,70
JohnnyDepp0184.jpeg,57,50,35,46,51,49,62,50,40,47,27,45,51,47,65,46,41,45,30,41,44,65,46,75,32,72,42,73,40,76
StephenHawking0015.jpeg,56,42,37,47,51,43,61,45,42,46,34,53,47,41,58,30,44,43,30,39,58,70,68,69,45,77,59,74,,
JohnFKennedy0004.jpeg,59,38,39,43,63,37,55,39,44,43,33,48,52,38,61,29,43,37,32,43,56,47,67,59,38,66,55,56,59,71
TaylorSwift0066.jpeg,73,44,45,42,66,45,78,44,51,45,37,42,68,40,,,55,40,35,37,63,64,68,72,47,72,60,71,59,79
JohnnyDepp0264.jpeg,59,46,39,48,55,47,64,45,46,47,35,48,54,41,65,41,46,42,35,42,52,56,57,65,47,65,52,63,51,66
TigerWoods0040.jpeg,62,32,46,41,59,35,66,30,49,40,38,43,57,32,66,27,49,38,36,46,67,48,,,43,70,68,52,80,73
TigerWoods0042.jpeg,62,44,42,43,57,43,67,43,48,45,37,43,57,41,68,39,50,40,36,40,55,54,72,61,36,63,55,59,56,80
JohnLennon0081.jpeg,59,53,36,53,54,51,64,52,42,52,32,52,52,49,66,49,44,50,29,49,50,71,54,80,40,79,48,77,48,79
TaylorSwift0095.jpeg,56,52,34,50,52,52,,,40,51,29,50,,,,,40,48,26,46,46,67,53,74,36,72,44,71,44,76
VladimirPutin0075.jpeg,61,47,45,47,57,46,66,47,50,46,42,46,58,45,70,45,53,48,40,45,52,71,61,74,36,75,52,76,52,81
UsainBolt0042.jpeg,44,39,32,51,39,40,47,36,34,48,27,52,35,34,51,32,30,39,,,39,54,50,61,,,39,62,44,70
SylvesterStallone0040.jpeg,62,35,36,35,56,36,68,36,40,37,27,37,55,31,67,25,40,26,25,26,51,54,61,66,42,65,50,63,51,67
TomCruise0055.jpeg,54,47,32,49,49,47,60,47,38,49,28,51,48,45,61,42,35,47,25,48,43,65,57,70,37,72,45,71,47,79
TaylorSwift0071.jpeg,77,30,55,23,72,31,80,32,59,26,48,21,75,26,84,24,62,19,49,11,68,55,,,49,64,63,67,61,73
JohnnyDepp0001.jpeg,68,33,36,29,,,,,44,29,23,26,47,25,21,23,,,,,51,57,68,66,36,66,49,66,49,69
VladimirPutin0160.jpeg,39,45,19,44,31,41,47,47,26,45,17,44,33,40,48,42,24,41,18,39,27,64,32,74,19,73,25,73,25,77
SteveJobs0062.jpeg,63,47,38,48,58,49,68,50,44,49,33,48,57,46,70,43,41,46,31,43,51,67,59,75,41,76,50,75,50,76
JohnLennon0016.jpeg,62,46,35,46,56,45,67,46,42,45,29,45,53,39,68,39,44,40,27,43,52,67,60,75,39,76,50,74,50,76
Shakira0067.jpeg,63,43,38,45,57,44,67,44,43,44,32,45,55,39,69,38,45,40,31,39,51,57,58,68,43,67,51,64,51,71
TaylorSwift0049.jpeg,60,47,31,46,52,47,65,46,36,47,24,46,,,,,37,43,,,44,67,54,74,35,75,43,73,43,80
UsainBolt0011.jpeg,65,35,43,40,59,39,,,49,35,36,46,59,33,68,30,51,35,33,40,56,52,,,46,68,55,59,57,70
JohnFKennedy0010.jpeg,60,46,43,48,56,46,64,48,47,45,38,48,54,43,65,42,49,43,36,45,53,56,62,63,41,66,52,61,52,64
StephenHawking0006.jpeg,55,44,38,59,50,47,59,41,43,56,34,62,44,44,53,34,38,52,28,59,58,64,71,61,54,76,61,68,66,71
TigerWoods0025.jpeg,50,55,29,50,46,54,58,56,35,52,25,50,45,50,62,54,38,48,26,44,37,68,49,75,23,73,37,74,35,82
JimCarrey0026.jpeg,45,43,32,43,41,43,49,43,34,43,29,43,39,39,49,40,34,39,30,37,35,53,48,67,33,67,35,61,39,80
JohnLennon0020.jpeg,56,39,32,39,49,38,62,39,36,38,28,39,45,30,64,30,38,35,29,30,36,60,52,73,36,72,41,70,41,73
JimCarrey0003.jpeg,58,46,42,45,54,46,63,47,47,45,39,47,56,43,64,42,48,41,36,44,52,55,59,62,40,62,53,58,54,72
Shakira0022.jpeg,58,44,27,42,50,46,65,44,35,46,21,43,51,40,68,39,36,40,19,37,45,63,52,75,34,75,42,74,43,78
TigerWoods0006.jpeg,61,46,44,49,58,48,67,44,47,49,39,50,57,42,71,41,49,42,,,54,55,65,65,46,69,54,64,55,71
TaylorSwift0024.jpeg,47,45,26,47,41,46,52,45,30,47,21,47,39,41,,,28,44,19,40,32,61,45,70,29,72,34,68,36,74
UsainBolt0036.jpeg,59,26,38,29,53,27,64,28,44,30,33,31,55,25,62,18,44,26,34,23,48,37,63,54,40,58,51,47,53,61
SylvesterStallone0049.jpeg,69,46,42,44,63,45,74,47,49,46,38,46,63,40,76,38,53,42,38,38,58,62,63,75,45,76,55,74,54,78
Shakira0033.jpeg,56,53,36,52,51,52,60,53,43,53,33,52,51,48,60,46,41,49,32,46,47,63,51,70,41,71,47,69,47,72
SylvesterStallone0005.jpeg,58,51,39,54,52,51,61,50,45,52,36,52,52,50,61,47,43,47,32,49,48,66,56,69,41,70,48,71,48,74
Shakira0075.jpeg,62,49,35,41,55,47,70,50,42,42,27,37,54,42,67,43,47,39,31,30,,,,,,,,,,
StephenHawking0020.jpeg,65,37,45,48,62,38,70,36,50,47,40,51,59,35,68,29,52,37,36,45,68,55,81,61,63,72,73,62,75,65
UsainBolt0059.jpeg,54,37,32,45,48,38,59,34,38,43,27,49,45,32,54,28,38,36,23,42,49,50,60,55,42,63,50,57,53,63
TomCruise0001.jpeg,71,54,50,51,,,,,55,53,42,52,70,50,,,59,47,39,48,64,69,,,50,77,63,76,61,80
JohnFKennedy0054.jpeg,55,54,32,59,48,54,59,54,38,55,28,59,45,51,62,46,37,54,26,55,42,67,69,71,44,81,58,74,61,80
JohnFKennedy0037.jpeg,,,61,46,,,,,64,43,58,47,,,,,64,40,59,41,77,48,,,66,67,75,61,78,66
WinstonChurchill0026.jpeg,58,52,33,55,51,53,63,52,38,55,27,55,49,51,63,46,38,52,28,49,43,71,55,77,,,44,74,44,79
VladimirPutin0157.jpeg,58,39,44,52,55,44,59,37,47,50,39,55,51,39,60,32,49,47,37,54,72,65,81,63,67,77,74,72,77,73
SylvesterStallone0050.jpeg,57,40,42,42,54,39,63,41,47,41,38,42,51,38,62,36,46,38,38,38,50,54,56,63,45,63,49,61,50,73
TigerWoods0018.jpeg,62,39,36,41,54,39,70,38,42,41,25,40,54,34,,,39,35,,,50,54,61,71,38,74,49,70,51,80
TomCruise0033.jpeg,50,58,35,57,43,57,50,59,38,57,32,58,42,56,56,50,34,55,29,50,36,72,50,75,34,77,39,77,38,81
TaylorSwift0113.jpeg,60,39,31,37,52,40,67,40,39,40,25,38,53,33,65,29,34,34,22,29,47,61,56,74,37,74,46,72,47,79
TaylorSwift0043.jpeg,52,46,25,46,44,48,59,45,32,47,22,47,,,,,30,44,19,41,35,62,47,70,31,70,36,68,38,72
TaylorSwift0033.jpeg,55,43,30,46,50,47,,,34,48,25,47,49,41,,,34,44,21,39,41,65,54,72,35,73,42,72,43,77
SylvesterStallone0045.jpeg,48,50,29,51,41,51,52,48,34,51,26,51,40,48,55,48,35,49,26,49,38,65,45,75,35,76,39,74,39,77
TaylorSwift0055.jpeg,41,45,24,49,36,46,45,45,28,49,21,49,34,43,,,24,45,18,44,29,60,42,65,28,67,32,65,34,69
TaylorSwift0035.jpeg,61,54,38,52,58,55,69,52,44,54,34,53,59,52,70,48,49,52,32,46,54,69,57,78,43,77,53,76,53,79
JohnFKennedy0031.jpeg,66,50,43,51,61,48,73,49,48,49,34,53,59,46,71,46,49,47,34,47,55,63,64,74,41,74,53,72,53,76
SteveJobs0060.jpeg,,,51,35,,,,,55,33,42,35,,,,,,,44,34,80,47,,,58,54,65,52,66,53
JKRowling0004.jpeg,51,68,38,68,48,70,56,68,41,69,35,67,48,65,,,,,,,45,78,52,82,40,82,46,82,45,83
JohnnyDepp0231.jpeg,65,47,35,51,54,46,73,42,42,49,28,49,50,44,72,36,43,44,22,44,51,67,63,77,47,79,54,76,55,80
JKRowling0006.jpeg,76,44,54,43,73,45,79,42,60,47,49,45,74,38,80,35,62,39,49,38,73,60,,,59,70,71,68,72,73
VladimirPutin0026.jpeg,63,51,42,46,58,51,66,50,50,48,38,44,59,47,71,46,53,43,37,42,52,75,50,78,50,84,62,83,34,77
WinstonChurchill0009.jpeg,53,50,24,55,43,50,63,47,32,52,18,53,40,49,58,31,33,49,12,43,38,69,53,72,29,76,39,72,39,75
JohnLennon0013.jpeg,51,44,27,47,46,45,54,45,32,47,24,48,39,40,56,38,31,42,22,39,37,62,48,71,33,73,38,70,38,73
JimCarrey0086.jpeg,57,55,41,57,54,54,61,54,45,55,36,57,54,51,66,54,44,53,34,54,49,65,63,69,39,72,50,70,52,77
TaylorSwift0088.jpeg,46,50,25,54,41,51,53,48,30,54,21,54,,,,,26,52,19,50,34,68,49,74,33,76,39,75,43,80
SteveJobs0015.jpeg,62,47,40,48,59,47,64,46,44,49,36,48,54,42,67,41,,,32,44,54,64,61,69,46,71,54,69,55,73
Shakira0001.jpeg,66,42,44,44,63,42,71,42,49,44,39,44,62,38,72,36,53,37,37,39,60,57,65,68,52,67,59,66,59,70
JKRowling0013.jpeg,55,44,33,44,49,48,66,49,38,46,28,43,50,35,,,36,35,27,34,38,62,52,75,33,74,41,71,41,76
TigerWoods0039.jpeg,64,43,41,41,58,44,72,43,48,45,33,43,59,33,73,38,51,34,34,37,57,61,66,69,40,71,58,66,58,76
WinstonChurchill0035.jpeg,62,51,36,55,56,53,65,51,44,54,32,56,56,50,67,46,42,52,28,51,53,69,63,73,43,74,54,76,54,79
UsainBolt0034.jpeg,,,39,36,53,27,,,41,36,35,40,50,26,,,44,27,33,34,61,38,66,49,46,55,60,45,62,61
JohnnyDepp0131.jpeg,64,30,36,22,54,29,69,33,43,25,27,21,56,24,70,26,45,17,26,12,47,53,51,71,29,66,42,66,41,73
JohnFKennedy0029.jpeg,28,43,15,39,24,42,35,46,,,,,22,39,33,42,17,36,,,9,50,20,67,,,10,62,9,66
JohnFKennedy0011.jpeg,60,56,31,38,50,50,64,65,38,44,21,36,56,45,72,65,42,39,25,29,33,57,51,76,17,55,33,62,29,68
JohnFKennedy0012.jpeg,53,44,35,46,47,45,57,45,40,45,31,48,46,44,59,41,40,44,31,44,40,58,60,63,38,67,40,61,42,69
JKRowling0012.jpeg,59,43,35,49,53,45,64,42,40,48,28,50,53,37,63,34,40,41,27,44,53,62,62,69,45,74,54,71,55,73
JimCarrey0011.jpeg,49,37,31,50,46,41,53,34,36,48,27,53,39,34,54,31,30,40,22,49,48,54,60,56,45,70,54,61,55,63
Shakira0046.jpeg,64,46,35,49,57,48,68,48,40,48,28,49,53,41,65,36,44,42,23,43,49,62,59,75,33,78,47,72,48,82
JohnnyDepp0012.jpeg,64,40,35,40,57,41,72,40,42,39,27,37,58,34,72,33,42,32,23,32,50,61,60,72,35,71,49,70,49,75
JohnnyDepp0015.jpeg,66,44,39,41,59,42,72,43,46,42,32,40,61,37,71,36,47,34,30,35,53,60,58,73,39,72,50,70,51,75
JimCarrey0013.jpeg,60,32,41,32,56,31,67,31,46,32,36,33,57,22,71,24,46,22,32,27,52,46,72,61,34,63,52,55,53,79
JimCarrey0020.jpeg,54,51,41,52,49,51,59,52,44,52,36,53,50,47,62,50,46,46,33,51,47,63,59,70,31,72,46,69,45,85
TomCruise0071.jpeg,56,44,30,45,60,46,46,45,34,45,21,48,43,39,64,38,36,39,21,40,38,64,53,70,26,70,38,67,41,75
JimCarrey0070.jpeg,57,36,40,38,54,38,62,38,43,39,37,38,53,33,64,34,45,34,33,33,48,51,56,67,37,66,47,58,47,83
SylvesterStallone0002.jpeg,56,48,32,49,48,47,61,48,,,28,50,45,41,68,42,33,44,23,41,41,65,51,74,35,74,42,73,43,75
TomCruise0063.jpeg,58,55,33,50,50,54,64,56,40,52,28,48,51,53,63,53,38,48,29,45,41,68,45,78,32,75,39,75,38,80
JohnFKennedy0045.jpeg,55,50,39,49,50,48,60,52,44,49,33,50,49,47,62,51,47,46,33,49,47,57,58,72,35,70,46,68,46,74
JohnLennon0006.jpeg,66,37,29,38,58,37,75,37,37,38,21,37,54,26,79,26,43,28,20,27,48,75,64,88,30,86,47,85,47,91
JohnLennon0051.jpeg,54,50,36,50,47,49,59,50,42,49,31,49,47,45,58,45,42,45,,,44,63,51,71,37,70,44,69,45,71
JimCarrey0069.jpeg,57,50,36,48,51,49,63,52,41,49,32,48,53,45,66,52,44,44,31,45,47,62,55,73,33,69,44,68,44,75
TomCruise0030.jpeg,61,41,39,42,55,41,66,43,43,42,32,45,53,39,69,38,44,38,29,41,50,60,66,65,34,68,51,66,52,78
TomCruise0044.jpeg,52,46,28,45,48,45,57,46,33,45,23,46,46,41,60,40,33,40,20,41,39,62,49,74,31,73,38,70,38,75
VladimirPutin0144.jpeg,65,45,43,45,60,45,70,45,50,44,37,46,58,40,67,37,48,41,32,41,70,65,65,76,49,77,58,76,59,79
Shakira0030.jpeg,53,42,32,41,49,42,56,43,38,41,29,43,49,39,59,37,39,38,29,37,43,52,56,59,30,60,42,58,41,68
VladimirPutin0024.jpeg,74,49,59,49,71,49,,,64,50,48,49,70,45,,,66,44,46,45,74,68,,,55,74,70,76,67,81
TomCruise0014.jpeg,72,56,52,52,,,75,55,58,51,46,52,69,53,76,51,59,50,45,46,65,69,,,48,74,62,75,60,80
WinstonChurchill0020.jpeg,64,41,41,38,58,40,66,43,47,40,34,40,56,35,69,39,51,37,33,35,51,51,59,70,,,51,61,51,65
JKRowling0007.jpeg,67,49,44,49,63,48,72,50,51,49,38,52,62,40,77,40,52,40,39,44,67,63,67,71,51,74,62,71,63,74
WinstonChurchill0023.jpeg,49,49,25,53,43,50,55,50,29,52,21,53,39,46,56,43,28,49,18,45,33,64,48,73,26,72,35,73,35,76
SylvesterStallone0028.jpeg,51,41,39,46,47,42,54,42,42,44,37,47,46,37,56,34,40,39,33,39,45,54,53,60,37,65,45,59,45,62
StephenHawking0030.jpeg,52,48,34,53,46,47,54,49,38,51,27,55,44,44,54,37,37,45,26,50,49,60,55,66,36,71,49,66,52,73
UsainBolt0006.jpeg,57,37,35,42,50,35,63,35,41,39,29,42,48,33,61,29,41,32,28,33,46,47,59,59,41,62,50,56,53,66
JimCarrey0051.jpeg,58,48,36,47,64,49,51,48,43,47,30,48,52,42,67,45,40,41,28,44,47,64,57,70,35,71,46,69,47,78
WinstonChurchill0025.jpeg,60,40,35,43,52,42,66,39,39,44,28,44,51,34,66,28,39,35,23,32,43,56,63,72,21,73,42,70,41,74
JKRowling0002.jpeg,68,50,52,53,65,51,74,48,57,51,46,52,63,48,72,40,58,44,45,41,67,69,66,72,53,73,62,73,62,78
SteveJobs0058.jpeg,69,46,47,51,64,48,73,47,51,51,39,52,63,45,74,41,52,49,37,50,64,67,70,70,51,74,62,72,63,77
VladimirPutin0126.jpeg,45,29,32,28,40,27,50,30,35,28,28,30,40,25,50,29,35,24,27,28,21,48,41,59,31,60,36,59,36,62
